student_id,archetype,session_position,question_id,question_difficulty,question_topic,attempts_on_question,last_attempt_passed,user_pass_rate,avg_efficiency_score,avg_style_score,last_efficiency_score,last_style_score,label
s0000,struggler,0,q_0016,1,Array,2,True,0.5,5.0,4.0,5,4,level_up
s0000,struggler,1,q_0038,2,Union Find,3,False,0.2,5.0,4.0,5,4,reinforce
s0000,struggler,2,q_0023,2,Array,2,True,0.2857142857142857,4.0,3.0,3,2,reinforce
s0000,struggler,3,q_0036,2,Hash Table,2,False,0.2222222222222222,4.0,3.0,3,2,reinforce
s0000,struggler,4,q_0032,2,Array,2,True,0.2727272727272727,3.0,2.6666666666666665,1,2,reinforce
s0000,struggler,5,q_0039,2,Array,3,False,0.21428571428571427,3.0,2.6666666666666665,1,2,reinforce
s0000,struggler,6,q_0033,2,Tree,1,True,0.26666666666666666,2.5,2.75,1,3,reinforce
s0000,struggler,7,q_0028,2,Array,3,False,0.2222222222222222,2.5,2.75,1,3,reinforce
s0000,struggler,8,q_0031,2,Greedy,3,True,0.23809523809523808,2.6,2.6,3,2,reinforce
s0001,average,0,q_0017,1,Hash Table,1,True,1.0,4.0,4.0,4,4,level_up
s0001,average,1,q_0026,2,Greedy,2,True,0.6666666666666666,2.5,4.0,1,4,reinforce
s0001,average,2,q_0034,2,Two Pointers,2,False,0.4,2.5,4.0,1,4,reinforce
s0001,average,3,q_0032,2,Array,1,True,0.5,2.0,4.0,1,4,reinforce
s0001,average,4,q_0040,2,Array,1,False,0.42857142857142855,2.0,4.0,1,4,reinforce
s0001,average,5,q_0021,2,Array,1,True,0.5,2.25,4.0,3,4,reinforce
s0001,average,6,q_0023,2,Array,1,True,0.5555555555555556,2.4,4.2,3,5,reinforce
s0001,average,7,q_0028,2,Array,1,True,0.6,2.8333333333333335,4.166666666666667,5,4,level_up
s0001,average,8,q_0048,3,Stack,1,True,0.6363636363636364,3.142857142857143,4.142857142857143,5,4,level_up
s0001,average,9,q_0042,3,Dynamic Programming,2,True,0.6153846153846154,2.875,4.0,1,3,reinforce
s0001,average,10,q_0044,3,Bit Manipulation,2,True,0.6,3.111111111111111,4.111111111111111,5,5,level_up
s0001,average,11,q_0043,3,Recursion,1,True,0.625,2.9,4.2,1,5,reinforce
s0001,average,12,q_0041,3,Memoization,1,True,0.6470588235294118,3.090909090909091,4.090909090909091,5,3,level_up
s0001,average,13,q_0047,3,Math,2,True,0.631578947368421,3.25,4.083333333333333,5,4,level_up
s0001,average,14,q_0045,3,Array,1,True,0.65,3.076923076923077,4.076923076923077,1,4,reinforce
s0001,average,15,q_0046,3,Queue,1,True,0.6666666666666666,3.2142857142857144,4.0,5,3,level_up
s0001,average,16,q_0049,3,Geometry,1,True,0.6818181818181818,3.3333333333333335,3.8666666666666667,5,2,level_up
s0001,average,17,q_0050,3,Graph,2,True,0.6666666666666666,3.4375,3.875,5,4,level_up
s0002,advanced,0,q_0009,1,Array,1,True,1.0,4.0,4.0,4,4,level_up
s0002,advanced,1,q_0031,2,Greedy,1,True,1.0,4.5,4.5,5,5,level_up
s0002,advanced,2,q_0046,3,Queue,1,True,1.0,4.666666666666667,4.333333333333333,5,4,level_up
s0002,advanced,3,q_0043,3,Recursion,2,True,0.8,4.75,4.25,5,4,level_up
s0002,advanced,4,q_0042,3,Dynamic Programming,1,True,0.8333333333333334,4.8,4.4,5,5,level_up
s0002,advanced,5,q_0050,3,Graph,1,True,0.8571428571428571,4.833333333333333,4.333333333333333,5,4,level_up
s0002,advanced,6,q_0049,3,Geometry,1,True,0.875,4.857142857142857,4.428571428571429,5,5,level_up
s0002,advanced,7,q_0041,3,Memoization,3,True,0.7272727272727273,4.75,4.5,4,5,reinforce
s0002,advanced,8,q_0045,3,Array,1,True,0.75,4.777777777777778,4.444444444444445,5,4,level_up
s0002,advanced,9,q_0044,3,Bit Manipulation,1,True,0.7692307692307693,4.8,4.4,5,4,level_up
s0002,advanced,10,q_0048,3,Stack,1,False,0.7142857142857143,4.8,4.4,5,4,reinforce
s0002,advanced,11,q_0047,3,Math,2,False,0.625,4.8,4.4,5,4,reinforce
s0003,fast_improver,0,q_0010,1,Greedy,1,True,1.0,1.0,2.0,1,2,reinforce
s0003,fast_improver,1,q_0001,1,Array,1,True,1.0,2.0,2.5,3,3,level_up
s0003,fast_improver,2,q_0029,2,Array,1,False,0.6666666666666666,2.0,2.5,3,3,reinforce
s0003,fast_improver,3,q_0022,2,Array,1,True,0.75,3.0,2.6666666666666665,5,3,level_up
s0003,fast_improver,4,q_0050,3,Graph,2,False,0.5,3.0,2.6666666666666665,5,3,reinforce
s0003,fast_improver,5,q_0045,3,Array,1,True,0.5714285714285714,3.25,3.0,4,4,level_up
s0003,fast_improver,6,q_0048,3,Stack,1,True,0.625,3.6,3.2,5,4,level_up
s0003,fast_improver,7,q_0042,3,Dynamic Programming,1,True,0.6666666666666666,3.8333333333333335,3.0,5,2,level_up
s0003,fast_improver,8,q_0046,3,Queue,1,False,0.6,3.8333333333333335,3.0,5,2,reinforce
s0003,fast_improver,9,q_0044,3,Bit Manipulation,1,True,0.6363636363636364,4.0,3.2857142857142856,5,5,level_up
s0003,fast_improver,10,q_0043,3,Recursion,2,False,0.5384615384615384,4.0,3.2857142857142856,5,5,reinforce
s0003,fast_improver,11,q_0041,3,Memoization,1,True,0.5714285714285714,4.125,3.5,5,5,level_up
s0004,inconsistent,0,q_0003,1,Array,1,True,1.0,5.0,3.0,5,3,level_up
s0004,inconsistent,1,q_0032,2,Array,1,True,1.0,3.0,2.5,1,2,reinforce
s0004,inconsistent,2,q_0039,2,Array,1,True,1.0,2.3333333333333335,2.3333333333333335,1,2,reinforce
s0004,inconsistent,3,q_0021,2,Array,1,True,1.0,2.5,2.75,3,4,level_up
s0004,inconsistent,4,q_0047,3,Math,1,True,1.0,2.2,2.8,1,3,reinforce
s0004,inconsistent,5,q_0049,3,Geometry,1,True,1.0,2.0,3.0,1,4,reinforce
s0004,inconsistent,6,q_0045,3,Array,2,True,0.875,2.4285714285714284,2.857142857142857,5,2,level_up
s0004,inconsistent,7,q_0041,3,Memoization,4,False,0.5833333333333334,2.4285714285714284,2.857142857142857,5,2,reinforce
s0004,inconsistent,8,q_0050,3,Graph,3,False,0.4666666666666667,2.4285714285714284,2.857142857142857,5,2,reinforce
s0004,inconsistent,9,q_0042,3,Dynamic Programming,3,True,0.4444444444444444,2.625,3.0,4,4,reinforce
s0004,inconsistent,10,q_0044,3,Bit Manipulation,1,True,0.47368421052631576,2.6666666666666665,3.111111111111111,3,4,reinforce
s0004,inconsistent,11,q_0046,3,Queue,1,False,0.45,2.6666666666666665,3.111111111111111,3,4,reinforce
s0004,inconsistent,12,q_0043,3,Recursion,1,True,0.47619047619047616,2.9,3.3,5,5,level_up
s0004,inconsistent,13,q_0048,3,Stack,2,True,0.4782608695652174,3.090909090909091,3.3636363636363638,5,4,level_up
s0005,struggler,0,q_0015,1,String,2,True,0.5,3.0,2.0,3,2,reinforce
s0005,struggler,1,q_0014,1,Greedy,2,True,0.5,4.0,3.0,5,4,level_up
s0005,struggler,2,q_0022,2,Array,2,False,0.3333333333333333,4.0,3.0,5,4,reinforce
s0005,struggler,3,q_0036,2,Hash Table,1,True,0.42857142857142855,3.6666666666666665,2.6666666666666665,3,2,reinforce
s0005,struggler,4,q_0032,2,Array,1,False,0.375,3.6666666666666665,2.6666666666666665,3,2,reinforce
s0005,struggler,5,q_0031,2,Greedy,3,False,0.2727272727272727,3.6666666666666665,2.6666666666666665,3,2,reinforce
s0005,struggler,6,q_0037,2,Array,1,True,0.3333333333333333,3.0,3.0,1,4,reinforce
s0005,struggler,7,q_0023,2,Array,2,True,0.35714285714285715,3.4,3.2,5,4,level_up
s0005,struggler,8,q_0048,3,Stack,2,True,0.375,3.0,3.5,1,5,reinforce
s0005,struggler,9,q_0044,3,Bit Manipulation,3,False,0.3157894736842105,3.0,3.5,1,5,reinforce
s0006,average,0,q_0008,1,Math,1,True,1.0,5.0,4.0,5,4,level_up
s0006,average,1,q_0037,2,Array,3,True,0.5,4.5,4.0,4,4,reinforce
s0006,average,2,q_0031,2,Greedy,1,False,0.4,4.5,4.0,4,4,reinforce
s0006,average,3,q_0028,2,Array,1,True,0.5,4.0,4.333333333333333,3,5,reinforce
s0006,average,4,q_0035,2,Stack,3,True,0.4444444444444444,4.25,4.0,5,3,reinforce
s0006,average,5,q_0033,2,Tree,2,True,0.45454545454545453,4.4,3.6,5,2,level_up
s0006,average,6,q_0043,3,Recursion,1,False,0.4166666666666667,4.4,3.6,5,2,reinforce
s0006,average,7,q_0049,3,Geometry,1,False,0.38461538461538464,4.4,3.6,5,2,reinforce
s0006,average,8,q_0050,3,Graph,1,True,0.42857142857142855,4.5,3.8333333333333335,5,5,level_up
s0006,average,9,q_0048,3,Stack,1,True,0.4666666666666667,4.571428571428571,4.0,5,5,level_up
s0006,average,10,q_0041,3,Memoization,2,True,0.47058823529411764,4.375,3.875,3,3,reinforce
s0006,average,11,q_0046,3,Queue,3,True,0.45,4.444444444444445,3.7777777777777777,5,3,reinforce
s0007,advanced,0,q_0006,1,Array,1,True,1.0,3.0,5.0,3,5,level_up
s0007,advanced,1,q_0040,2,Array,1,True,1.0,3.5,4.0,4,3,level_up
s0007,advanced,2,q_0049,3,Geometry,1,True,1.0,4.0,4.333333333333333,5,5,level_up
s0007,advanced,3,q_0050,3,Graph,2,True,0.8,4.25,4.5,5,5,level_up
s0007,advanced,4,q_0042,3,Dynamic Programming,1,True,0.8333333333333334,4.4,4.4,5,4,level_up
s0007,advanced,5,q_0048,3,Stack,1,True,0.8571428571428571,4.333333333333333,4.333333333333333,4,4,level_up
s0007,advanced,6,q_0041,3,Memoization,2,True,0.7777777777777778,4.428571428571429,4.285714285714286,5,4,level_up
s0007,advanced,7,q_0046,3,Queue,1,True,0.8,4.5,4.25,5,4,level_up
s0008,fast_improver,0,q_0003,1,Array,1,False,0.0,3.0,3.0,3,3,reinforce
s0008,fast_improver,1,q_0013,1,Two Pointers,2,True,0.3333333333333333,4.0,3.0,4,3,level_up
s0008,fast_improver,2,q_0024,2,Array,1,True,0.5,3.5,3.5,3,4,reinforce
s0008,fast_improver,3,q_0032,2,Array,4,True,0.375,4.0,3.6666666666666665,5,4,reinforce
s0008,fast_improver,4,q_0021,2,Array,1,False,0.3333333333333333,4.0,3.6666666666666665,5,4,reinforce
s0008,fast_improver,5,q_0037,2,Array,1,True,0.4,3.25,3.5,1,3,reinforce
s0008,fast_improver,6,q_0023,2,Array,3,True,0.38461538461538464,2.8,3.6,1,4,reinforce
s0008,fast_improver,7,q_0035,2,Stack,1,False,0.35714285714285715,2.8,3.6,1,4,reinforce
s0008,fast_improver,8,q_0025,2,Math,1,True,0.4,3.1666666666666665,3.8333333333333335,5,5,level_up
s0008,fast_improver,9,q_0048,3,Stack,1,True,0.4375,3.2857142857142856,3.857142857142857,4,4,level_up
s0008,fast_improver,10,q_0045,3,Array,1,False,0.4117647058823529,3.2857142857142856,3.857142857142857,4,4,reinforce
s0008,fast_improver,11,q_0050,3,Graph,3,True,0.4,3.5,3.875,5,4,reinforce
s0009,inconsistent,0,q_0002,1,Array,1,True,1.0,1.0,2.0,1,2,reinforce
s0009,inconsistent,1,q_0010,1,Greedy,1,True,1.0,2.0,3.0,3,4,level_up
s0009,inconsistent,2,q_0021,2,Array,1,True,1.0,1.6666666666666667,3.6666666666666665,1,5,reinforce
s0009,inconsistent,3,q_0031,2,Greedy,3,True,0.6666666666666666,2.0,3.75,3,4,reinforce
s0009,inconsistent,4,q_0034,2,Two Pointers,1,True,0.7142857142857143,2.6,4.0,5,5,level_up
s0009,inconsistent,5,q_0049,3,Geometry,2,False,0.5555555555555556,2.6,4.0,5,5,reinforce
s0009,inconsistent,6,q_0050,3,Graph,2,True,0.5454545454545454,2.6666666666666665,4.166666666666667,3,5,reinforce
s0009,inconsistent,7,q_0044,3,Bit Manipulation,1,True,0.5833333333333334,2.4285714285714284,3.857142857142857,1,2,reinforce
s0009,inconsistent,8,q_0042,3,Dynamic Programming,1,True,0.6153846153846154,2.75,3.625,5,2,level_up
s0009,inconsistent,9,q_0045,3,Array,1,False,0.5714285714285714,2.75,3.625,5,2,reinforce
s0009,inconsistent,10,q_0047,3,Math,4,False,0.4444444444444444,2.75,3.625,5,2,reinforce
s0009,inconsistent,11,q_0046,3,Queue,2,True,0.45,3.0,3.6666666666666665,5,4,level_up
s0010,struggler,0,q_0013,1,Two Pointers,3,True,0.3333333333333333,3.0,4.0,3,4,reinforce
s0010,struggler,1,q_0014,1,Greedy,1,True,0.5,3.0,3.5,3,3,reinforce
s0010,struggler,2,q_0018,1,Array,2,True,0.5,3.0,3.0,3,2,reinforce
s0010,struggler,3,q_0004,1,String,3,True,0.4444444444444444,2.5,2.75,1,2,reinforce
s0010,struggler,4,q_0007,1,Array,1,False,0.4,2.5,2.75,1,2,reinforce
s0010,struggler,5,q_0012,1,Hash Table,3,True,0.38461538461538464,2.2,2.8,1,3,reinforce
s0010,struggler,6,q_0005,1,Stack,1,True,0.42857142857142855,2.3333333333333335,2.6666666666666665,3,2,reinforce
s0010,struggler,7,q_0016,1,Array,2,True,0.4375,2.5714285714285716,2.7142857142857144,4,3,level_up
s0010,struggler,8,q_0036,2,Hash Table,3,True,0.42105263157894735,2.875,2.625,5,2,reinforce
s0010,struggler,9,q_0033,2,Tree,1,False,0.4,2.875,2.625,5,2,reinforce
s0010,struggler,10,q_0028,2,Array,1,True,0.42857142857142855,2.6666666666666665,2.5555555555555554,1,2,reinforce
s0010,struggler,11,q_0023,2,Array,3,False,0.375,2.6666666666666665,2.5555555555555554,1,2,reinforce
s0010,struggler,12,q_0027,2,Array,1,True,0.4,2.5,2.5,1,2,reinforce
s0010,struggler,13,q_0026,2,Greedy,1,True,0.4230769230769231,2.5454545454545454,2.727272727272727,3,5,reinforce
s0010,struggler,14,q_0040,2,Array,1,True,0.4444444444444444,2.75,2.75,5,3,level_up
s0010,struggler,15,q_0046,3,Queue,2,False,0.41379310344827586,2.75,2.75,5,3,reinforce
s0010,struggler,16,q_0042,3,Dynamic Programming,2,True,0.41935483870967744,2.6153846153846154,2.6923076923076925,1,2,reinforce
s0010,struggler,17,q_0044,3,Bit Manipulation,4,False,0.37142857142857144,2.6153846153846154,2.6923076923076925,1,2,reinforce
s0011,average,0,q_0010,1,Greedy,1,True,1.0,5.0,4.0,5,4,level_up
s0011,average,1,q_0034,2,Two Pointers,1,True,1.0,4.5,4.5,4,5,level_up
s0011,average,2,q_0046,3,Queue,1,True,1.0,4.666666666666667,4.0,5,3,level_up
s0011,average,3,q_0044,3,Bit Manipulation,1,True,1.0,4.25,4.0,3,4,level_up
s0011,average,4,q_0042,3,Dynamic Programming,1,True,1.0,4.0,3.6,3,2,level_up
s0011,average,5,q_0041,3,Memoization,2,False,0.7142857142857143,4.0,3.6,3,2,reinforce
s0011,average,6,q_0045,3,Array,1,True,0.75,4.166666666666667,3.3333333333333335,5,2,level_up
s0011,average,7,q_0043,3,Recursion,1,True,0.7777777777777778,4.142857142857143,3.5714285714285716,4,5,level_up
s0011,average,8,q_0048,3,Stack,1,True,0.8,4.0,3.625,3,4,level_up
s0011,average,9,q_0047,3,Math,1,True,0.8181818181818182,4.111111111111111,3.4444444444444446,5,2,level_up
s0011,average,10,q_0049,3,Geometry,1,True,0.8333333333333334,3.8,3.4,1,3,reinforce
s0011,average,11,q_0050,3,Graph,1,True,0.8461538461538461,3.727272727272727,3.272727272727273,3,2,level_up
s0012,advanced,0,q_0003,1,Array,1,True,1.0,5.0,5.0,5,5,level_up
s0012,advanced,1,q_0025,2,Math,1,True,1.0,4.5,5.0,4,5,level_up
s0012,advanced,2,q_0049,3,Geometry,2,True,0.75,4.666666666666667,5.0,5,5,level_up
s0012,advanced,3,q_0043,3,Recursion,1,True,0.8,4.75,5.0,5,5,level_up
s0012,advanced,4,q_0048,3,Stack,1,True,0.8333333333333334,4.4,4.6,3,3,level_up
s0012,advanced,5,q_0044,3,Bit Manipulation,1,True,0.8571428571428571,4.5,4.666666666666667,5,5,level_up
s0012,advanced,6,q_0041,3,Memoization,2,True,0.7777777777777778,4.285714285714286,4.571428571428571,3,4,level_up
s0012,advanced,7,q_0045,3,Array,1,True,0.8,4.375,4.25,5,2,level_up
s0012,advanced,8,q_0042,3,Dynamic Programming,1,True,0.8181818181818182,4.222222222222222,4.333333333333333,3,5,level_up
s0013,fast_improver,0,q_0002,1,Array,2,True,0.5,1.0,3.0,1,3,reinforce
s0013,fast_improver,1,q_0004,1,String,2,True,0.5,2.0,2.5,3,2,reinforce
s0013,fast_improver,2,q_0018,1,Array,1,True,0.6,2.3333333333333335,2.6666666666666665,3,3,reinforce
s0013,fast_improver,3,q_0015,1,String,1,True,0.6666666666666666,3.0,3.25,5,5,level_up
s0013,fast_improver,4,q_0023,2,Array,1,True,0.7142857142857143,3.4,3.4,5,4,level_up
s0013,fast_improver,5,q_0045,3,Array,2,False,0.5555555555555556,3.4,3.4,5,4,reinforce
s0013,fast_improver,6,q_0042,3,Dynamic Programming,2,True,0.5454545454545454,3.3333333333333335,3.6666666666666665,3,5,reinforce
s0013,fast_improver,7,q_0050,3,Graph,4,True,0.4666666666666667,3.5714285714285716,3.857142857142857,5,5,reinforce
s0013,fast_improver,8,q_0047,3,Math,1,True,0.5,3.5,4.0,3,5,reinforce
s0013,fast_improver,9,q_0048,3,Stack,1,True,0.5294117647058824,3.5555555555555554,4.111111111111111,4,5,level_up
s0013,fast_improver,10,q_0044,3,Bit Manipulation,1,True,0.5555555555555556,3.7,4.2,5,5,level_up
s0013,fast_improver,11,q_0046,3,Queue,1,True,0.5789473684210527,3.8181818181818183,4.181818181818182,5,4,level_up
s0013,fast_improver,12,q_0041,3,Memoization,1,True,0.6,3.8333333333333335,4.166666666666667,4,4,level_up
s0013,fast_improver,13,q_0043,3,Recursion,1,True,0.6190476190476191,3.923076923076923,4.153846153846154,5,4,level_up
s0013,fast_improver,14,q_0049,3,Geometry,1,True,0.6363636363636364,4.0,4.214285714285714,5,5,level_up
s0014,inconsistent,0,q_0007,1,Array,1,True,1.0,4.0,4.0,4,4,level_up
s0014,inconsistent,1,q_0030,2,Array,1,True,1.0,4.5,4.0,5,4,level_up
s0014,inconsistent,2,q_0047,3,Math,2,False,0.5,4.5,4.0,5,4,reinforce
s0014,inconsistent,3,q_0043,3,Recursion,4,False,0.25,4.5,4.0,5,4,reinforce
s0014,inconsistent,4,q_0046,3,Queue,1,True,0.3333333333333333,4.333333333333333,3.3333333333333335,4,2,level_up
s0014,inconsistent,5,q_0049,3,Geometry,2,True,0.36363636363636365,4.0,3.0,3,2,reinforce
s0014,inconsistent,6,q_0041,3,Memoization,2,True,0.38461538461538464,3.8,3.2,3,4,reinforce
s0014,inconsistent,7,q_0042,3,Dynamic Programming,1,True,0.42857142857142855,4.0,3.0,5,2,level_up
s0014,inconsistent,8,q_0044,3,Bit Manipulation,1,True,0.4666666666666667,4.142857142857143,3.0,5,3,level_up
s0014,inconsistent,9,q_0048,3,Stack,1,True,0.5,4.25,3.25,5,5,level_up
s0014,inconsistent,10,q_0050,3,Graph,2,True,0.5,4.111111111111111,3.2222222222222223,3,3,reinforce
s0015,struggler,0,q_0019,1,Sorting,1,True,1.0,1.0,3.0,1,3,reinforce
s0015,struggler,1,q_0015,1,String,1,True,1.0,1.0,4.0,1,5,reinforce
s0015,struggler,2,q_0008,1,Math,1,True,1.0,1.6666666666666667,3.3333333333333335,3,2,level_up
s0015,struggler,3,q_0040,2,Array,1,True,1.0,2.5,3.25,5,3,level_up
s0015,struggler,4,q_0041,3,Memoization,1,False,0.8,2.5,3.25,5,3,reinforce
s0015,struggler,5,q_0046,3,Queue,3,False,0.5,2.5,3.25,5,3,reinforce
s0015,struggler,6,q_0043,3,Recursion,3,True,0.45454545454545453,2.2,3.4,1,4,reinforce
s0015,struggler,7,q_0044,3,Bit Manipulation,1,False,0.4166666666666667,2.2,3.4,1,4,reinforce
s0016,average,0,q_0017,1,Hash Table,1,True,1.0,4.0,2.0,4,2,level_up
s0016,average,1,q_0032,2,Array,1,True,1.0,3.5,2.5,3,3,level_up
s0016,average,2,q_0045,3,Array,1,False,0.6666666666666666,3.5,2.5,3,3,reinforce
s0016,average,3,q_0042,3,Dynamic Programming,4,False,0.2857142857142857,3.5,2.5,3,3,reinforce
s0016,average,4,q_0041,3,Memoization,1,True,0.375,3.3333333333333335,3.0,3,4,reinforce
s0016,average,5,q_0050,3,Graph,4,False,0.25,3.3333333333333335,3.0,3,4,reinforce
s0016,average,6,q_0046,3,Queue,1,True,0.3076923076923077,3.75,3.25,5,4,level_up
s0016,average,7,q_0048,3,Stack,3,False,0.25,3.75,3.25,5,4,reinforce
s0016,average,8,q_0047,3,Math,2,True,0.2777777777777778,3.8,3.4,4,4,level_up
s0016,average,9,q_0043,3,Recursion,1,False,0.2631578947368421,3.8,3.4,4,4,reinforce
s0016,average,10,q_0044,3,Bit Manipulation,1,True,0.3,3.6666666666666665,3.3333333333333335,3,3,reinforce
s0016,average,11,q_0049,3,Geometry,1,True,0.3333333333333333,3.857142857142857,3.2857142857142856,5,3,level_up
s0017,advanced,0,q_0018,1,Array,1,True,1.0,5.0,5.0,5,5,level_up
s0017,advanced,1,q_0035,2,Stack,1,True,1.0,5.0,5.0,5,5,level_up
s0017,advanced,2,q_0048,3,Stack,1,True,1.0,5.0,4.666666666666667,5,4,level_up
s0017,advanced,3,q_0044,3,Bit Manipulation,1,True,1.0,5.0,4.75,5,5,level_up
s0017,advanced,4,q_0043,3,Recursion,2,True,0.8333333333333334,5.0,4.6,5,4,level_up
s0017,advanced,5,q_0046,3,Queue,1,True,0.8571428571428571,5.0,4.666666666666667,5,5,level_up
s0017,advanced,6,q_0042,3,Dynamic Programming,4,True,0.6363636363636364,5.0,4.571428571428571,5,4,reinforce
s0017,advanced,7,q_0049,3,Geometry,1,True,0.6666666666666666,5.0,4.5,5,4,level_up
s0017,advanced,8,q_0045,3,Array,1,False,0.6153846153846154,5.0,4.5,5,4,reinforce
s0017,advanced,9,q_0047,3,Math,1,True,0.6428571428571429,5.0,4.555555555555555,5,5,level_up
s0017,advanced,10,q_0041,3,Memoization,1,True,0.6666666666666666,5.0,4.6,5,5,level_up
s0017,advanced,11,q_0050,3,Graph,1,True,0.6875,5.0,4.636363636363637,5,5,level_up
s0018,fast_improver,0,q_0006,1,Array,1,True,1.0,3.0,2.0,3,2,level_up
s0018,fast_improver,1,q_0030,2,Array,1,True,1.0,3.5,2.0,4,2,level_up
s0018,fast_improver,2,q_0042,3,Dynamic Programming,2,False,0.5,3.5,2.0,4,2,reinforce
s0018,fast_improver,3,q_0049,3,Geometry,3,True,0.42857142857142855,4.0,3.0,5,5,reinforce
s0018,fast_improver,4,q_0044,3,Bit Manipulation,2,True,0.4444444444444444,4.25,3.0,5,3,level_up
s0018,fast_improver,5,q_0045,3,Array,4,False,0.3076923076923077,4.25,3.0,5,3,reinforce
s0018,fast_improver,6,q_0048,3,Stack,2,True,0.3333333333333333,4.4,2.8,5,2,level_up
s0018,fast_improver,7,q_0043,3,Recursion,1,True,0.375,3.8333333333333335,2.6666666666666665,1,2,reinforce
s0018,fast_improver,8,q_0041,3,Memoization,1,True,0.4117647058823529,4.0,3.0,5,5,level_up
s0018,fast_improver,9,q_0047,3,Math,1,False,0.3888888888888889,4.0,3.0,5,5,reinforce
s0019,inconsistent,0,q_0017,1,Hash Table,1,True,1.0,3.0,4.0,3,4,level_up
s0019,inconsistent,1,q_0037,2,Array,1,True,1.0,4.0,4.0,5,4,level_up
s0019,inconsistent,2,q_0048,3,Stack,2,False,0.5,4.0,4.0,5,4,reinforce
s0019,inconsistent,3,q_0042,3,Dynamic Programming,1,True,0.6,3.0,4.333333333333333,1,5,reinforce
s0019,inconsistent,4,q_0041,3,Memoization,1,True,0.6666666666666666,3.5,4.25,5,4,level_up
s0019,inconsistent,5,q_0050,3,Graph,1,False,0.5714285714285714,3.5,4.25,5,4,reinforce
s0019,inconsistent,6,q_0049,3,Geometry,2,False,0.4444444444444444,3.5,4.25,5,4,reinforce
s0019,inconsistent,7,q_0043,3,Recursion,2,False,0.36363636363636365,3.5,4.25,5,4,reinforce
s0019,inconsistent,8,q_0046,3,Queue,1,True,0.4166666666666667,3.0,4.2,1,4,reinforce
s0019,inconsistent,9,q_0047,3,Math,3,False,0.3333333333333333,3.0,4.2,1,4,reinforce
s0019,inconsistent,10,q_0044,3,Bit Manipulation,1,True,0.375,3.1666666666666665,4.166666666666667,4,4,level_up
s0020,struggler,0,q_0010,1,Greedy,1,True,1.0,1.0,2.0,1,2,reinforce
s0020,struggler,1,q_0013,1,Two Pointers,1,True,1.0,2.5,2.5,4,3,level_up
s0020,struggler,2,q_0037,2,Array,1,True,1.0,2.0,2.6666666666666665,1,3,reinforce
s0020,struggler,3,q_0029,2,Array,1,True,1.0,1.75,2.5,1,2,reinforce
s0020,struggler,4,q_0022,2,Array,1,True,1.0,2.2,2.6,4,3,level_up
s0020,struggler,5,q_0044,3,Bit Manipulation,2,False,0.7142857142857143,2.2,2.6,4,3,reinforce
s0020,struggler,6,q_0050,3,Graph,3,True,0.6,2.0,2.5,1,2,reinforce
s0020,struggler,7,q_0045,3,Array,3,False,0.46153846153846156,2.0,2.5,1,2,reinforce
s0020,struggler,8,q_0047,3,Math,1,True,0.5,1.8571428571428572,2.5714285714285716,1,3,reinforce
s0020,struggler,9,q_0043,3,Recursion,2,True,0.5,2.25,2.625,5,3,level_up
s0020,struggler,10,q_0046,3,Queue,2,False,0.4444444444444444,2.25,2.625,5,3,reinforce
s0020,struggler,11,q_0049,3,Geometry,3,True,0.42857142857142855,2.5555555555555554,2.7777777777777777,5,4,reinforce
s0020,struggler,12,q_0042,3,Dynamic Programming,2,False,0.391304347826087,2.5555555555555554,2.7777777777777777,5,4,reinforce
s0021,average,0,q_0019,1,Sorting,1,True,1.0,3.0,4.0,3,4,level_up
s0021,average,1,q_0028,2,Array,2,True,0.6666666666666666,3.0,4.0,3,4,reinforce
s0021,average,2,q_0034,2,Two Pointers,2,True,0.6,3.0,4.0,3,4,reinforce
s0021,average,3,q_0023,2,Array,3,True,0.5,3.5,3.5,5,2,reinforce
s0021,average,4,q_0026,2,Greedy,2,True,0.5,3.0,3.2,1,2,reinforce
s0021,average,5,q_0030,2,Array,1,True,0.5454545454545454,3.3333333333333335,3.5,5,5,level_up
s0021,average,6,q_0046,3,Queue,1,True,0.5833333333333334,3.5714285714285716,3.5714285714285716,5,4,level_up
s0021,average,7,q_0045,3,Array,2,True,0.5714285714285714,3.5,3.75,3,5,reinforce
s0021,average,8,q_0043,3,Recursion,1,False,0.5333333333333333,3.5,3.75,3,5,reinforce
s0021,average,9,q_0047,3,Math,1,True,0.5625,3.6666666666666665,3.888888888888889,5,5,level_up
s0021,average,10,q_0050,3,Graph,2,False,0.5,3.6666666666666665,3.888888888888889,5,5,reinforce
s0021,average,11,q_0049,3,Geometry,3,False,0.42857142857142855,3.6666666666666665,3.888888888888889,5,5,reinforce
s0022,advanced,0,q_0003,1,Array,1,True,1.0,4.0,4.0,4,4,level_up
s0022,advanced,1,q_0035,2,Stack,1,True,1.0,4.5,4.5,5,5,level_up
s0022,advanced,2,q_0046,3,Queue,1,True,1.0,4.666666666666667,4.0,5,3,level_up
s0022,advanced,3,q_0047,3,Math,1,True,1.0,4.5,4.0,4,4,level_up
s0022,advanced,4,q_0044,3,Bit Manipulation,2,True,0.8333333333333334,4.6,4.2,5,5,level_up
s0022,advanced,5,q_0042,3,Dynamic Programming,1,False,0.7142857142857143,4.6,4.2,5,5,reinforce
s0022,advanced,6,q_0050,3,Graph,1,True,0.75,4.333333333333333,4.166666666666667,3,4,level_up
s0022,advanced,7,q_0043,3,Recursion,1,True,0.7777777777777778,4.428571428571429,4.142857142857143,5,4,level_up
s0022,advanced,8,q_0048,3,Stack,3,True,0.6666666666666666,4.25,4.25,3,5,reinforce
s0022,advanced,9,q_0049,3,Geometry,1,False,0.6153846153846154,4.25,4.25,3,5,reinforce
s0022,advanced,10,q_0045,3,Array,1,True,0.6428571428571429,4.111111111111111,4.333333333333333,3,5,reinforce
s0022,advanced,11,q_0041,3,Memoization,1,True,0.6666666666666666,4.2,4.2,5,3,level_up
s0023,fast_improver,0,q_0014,1,Greedy,4,False,0.0,3.0,3.0,3,3,reinforce
s0023,fast_improver,1,q_0012,1,Hash Table,1,True,0.2,3.0,4.0,3,4,reinforce
s0023,fast_improver,2,q_0004,1,String,1,True,0.3333333333333333,3.0,3.5,3,3,reinforce
s0023,fast_improver,3,q_0006,1,Array,1,True,0.42857142857142855,2.3333333333333335,3.6666666666666665,1,4,reinforce
s0023,fast_improver,4,q_0016,1,Array,1,True,0.5,2.0,3.25,1,2,reinforce
s0023,fast_improver,5,q_0018,1,Array,1,True,0.5555555555555556,2.4,3.6,4,5,level_up
s0023,fast_improver,6,q_0038,2,Union Find,1,True,0.6,2.1666666666666665,3.3333333333333335,1,2,reinforce
s0023,fast_improver,7,q_0023,2,Array,1,False,0.5454545454545454,2.1666666666666665,3.3333333333333335,1,2,reinforce
s0023,fast_improver,8,q_0026,2,Greedy,1,True,0.5833333333333334,2.5714285714285716,3.5714285714285716,5,5,level_up
s0023,fast_improver,9,q_0047,3,Math,1,True,0.6153846153846154,2.625,3.625,3,4,reinforce
s0024,inconsistent,0,q_0009,1,Array,1,True,1.0,4.0,2.0,4,2,level_up
s0024,inconsistent,1,q_0028,2,Array,1,True,1.0,3.5,2.5,3,3,level_up
s0024,inconsistent,2,q_0047,3,Math,2,True,0.75,2.6666666666666665,3.0,1,4,reinforce
s0024,inconsistent,3,q_0042,3,Dynamic Programming,1,False,0.6,2.6666666666666665,3.0,1,4,reinforce
s0024,inconsistent,4,q_0046,3,Queue,1,False,0.5,2.6666666666666665,3.0,1,4,reinforce
s0024,inconsistent,5,q_0045,3,Array,2,True,0.5,3.25,2.75,5,2,level_up
s0024,inconsistent,6,q_0041,3,Memoization,1,False,0.4444444444444444,3.25,2.75,5,2,reinforce
s0024,inconsistent,7,q_0048,3,Stack,3,False,0.3333333333333333,3.25,2.75,5,2,reinforce
s0024,inconsistent,8,q_0043,3,Recursion,2,False,0.2857142857142857,3.25,2.75,5,2,reinforce
s0024,inconsistent,9,q_0049,3,Geometry,2,False,0.25,3.25,2.75,5,2,reinforce
s0024,inconsistent,10,q_0050,3,Graph,3,False,0.21052631578947367,3.25,2.75,5,2,reinforce
s0024,inconsistent,11,q_0044,3,Bit Manipulation,1,True,0.25,3.6,2.8,5,3,level_up
s0025,struggler,0,q_0004,1,String,1,False,0.0,3.0,3.0,3,3,reinforce
s0025,struggler,1,q_0016,1,Array,2,True,0.3333333333333333,1.0,2.0,1,2,reinforce
s0025,struggler,2,q_0002,1,Array,1,False,0.25,1.0,2.0,1,2,reinforce
s0025,struggler,3,q_0019,1,Sorting,1,True,0.4,1.0,2.0,1,2,reinforce
s0025,struggler,4,q_0005,1,Stack,1,True,0.5,1.6666666666666667,2.6666666666666665,3,4,reinforce
s0025,struggler,5,q_0008,1,Math,2,False,0.375,1.6666666666666667,2.6666666666666665,3,4,reinforce
s0025,struggler,6,q_0011,1,Array,1,False,0.3333333333333333,1.6666666666666667,2.6666666666666665,3,4,reinforce
s0025,struggler,7,q_0010,1,Greedy,1,True,0.4,1.5,2.75,1,3,reinforce
s0025,struggler,8,q_0009,1,Array,1,True,0.45454545454545453,1.4,2.6,1,2,reinforce
s0025,struggler,9,q_0017,1,Hash Table,1,True,0.5,1.3333333333333333,2.8333333333333335,1,4,reinforce
s0025,struggler,10,q_0007,1,Array,2,False,0.42857142857142855,1.3333333333333333,2.8333333333333335,1,4,reinforce
s0025,struggler,11,q_0013,1,Two Pointers,2,False,0.375,1.3333333333333333,2.8333333333333335,1,4,reinforce
s0025,struggler,12,q_0014,1,Greedy,1,True,0.4117647058823529,1.2857142857142858,2.857142857142857,1,3,reinforce
s0026,average,0,q_0010,1,Greedy,1,True,1.0,4.0,5.0,4,5,level_up
s0026,average,1,q_0040,2,Array,1,False,0.5,4.0,5.0,4,5,reinforce
s0026,average,2,q_0022,2,Array,3,True,0.4,3.5,4.0,3,3,reinforce
s0026,average,3,q_0036,2,Hash Table,1,True,0.5,3.6666666666666665,3.6666666666666665,4,3,level_up
s0026,average,4,q_0043,3,Recursion,1,True,0.5714285714285714,4.0,3.75,5,4,level_up
s0026,average,5,q_0041,3,Memoization,1,True,0.625,3.8,4.0,3,5,reinforce
s0026,average,6,q_0050,3,Graph,1,True,0.6666666666666666,4.0,4.166666666666667,5,5,level_up
s0026,average,7,q_0045,3,Array,1,False,0.6,4.0,4.166666666666667,5,5,reinforce
s0026,average,8,q_0047,3,Math,1,True,0.6363636363636364,3.857142857142857,4.285714285714286,3,5,reinforce
s0026,average,9,q_0048,3,Stack,2,True,0.6153846153846154,3.5,4.25,1,4,reinforce
s0026,average,10,q_0044,3,Bit Manipulation,1,True,0.6428571428571429,3.5555555555555554,4.333333333333333,4,5,level_up
s0026,average,11,q_0049,3,Geometry,1,False,0.6,3.5555555555555554,4.333333333333333,4,5,reinforce
s0026,average,12,q_0042,3,Dynamic Programming,1,True,0.625,3.6,4.3,4,4,level_up
s0027,advanced,0,q_0018,1,Array,2,True,0.5,5.0,5.0,5,5,level_up
s0027,advanced,1,q_0034,2,Two Pointers,1,True,0.6666666666666666,4.0,4.5,3,4,reinforce
s0027,advanced,2,q_0035,2,Stack,1,True,0.75,4.0,4.666666666666667,4,5,level_up
s0027,advanced,3,q_0042,3,Dynamic Programming,1,True,0.8,4.0,4.5,4,4,level_up
s0027,advanced,4,q_0049,3,Geometry,1,True,0.8333333333333334,4.0,4.6,4,5,level_up
s0027,advanced,5,q_0050,3,Graph,1,True,0.8571428571428571,4.166666666666667,4.666666666666667,5,5,level_up
s0027,advanced,6,q_0041,3,Memoization,2,False,0.6666666666666666,4.166666666666667,4.666666666666667,5,5,reinforce
s0027,advanced,7,q_0048,3,Stack,2,True,0.6363636363636364,4.285714285714286,4.714285714285714,5,5,level_up
s0027,advanced,8,q_0043,3,Recursion,1,False,0.5833333333333334,4.285714285714286,4.714285714285714,5,5,reinforce
s0027,advanced,9,q_0047,3,Math,2,True,0.5714285714285714,4.375,4.75,5,5,level_up
s0027,advanced,10,q_0045,3,Array,1,True,0.6,4.444444444444445,4.666666666666667,5,4,level_up
s0027,advanced,11,q_0044,3,Bit Manipulation,3,True,0.5555555555555556,4.5,4.7,5,5,reinforce
s0027,advanced,12,q_0046,3,Queue,1,True,0.5789473684210527,4.545454545454546,4.7272727272727275,5,5,level_up
s0028,fast_improver,0,q_0015,1,String,1,True,1.0,3.0,3.0,3,3,level_up
s0028,fast_improver,1,q_0040,2,Array,1,False,0.5,3.0,3.0,3,3,reinforce
s0028,fast_improver,2,q_0022,2,Array,1,False,0.3333333333333333,3.0,3.0,3,3,reinforce
s0028,fast_improver,3,q_0027,2,Array,2,True,0.4,4.0,3.0,5,3,level_up
s0028,fast_improver,4,q_0050,3,Graph,2,True,0.42857142857142855,3.0,3.3333333333333335,1,4,reinforce
s0028,fast_improver,5,q_0046,3,Queue,1,True,0.5,3.0,3.75,3,5,reinforce
s0028,fast_improver,6,q_0044,3,Bit Manipulation,2,True,0.5,3.4,3.6,5,3,level_up
s0028,fast_improver,7,q_0043,3,Recursion,1,False,0.45454545454545453,3.4,3.6,5,3,reinforce
s0029,inconsistent,0,q_0006,1,Array,1,True,1.0,1.0,3.0,1,3,reinforce
s0029,inconsistent,1,q_0009,1,Array,1,False,0.5,1.0,3.0,1,3,reinforce
s0029,inconsistent,2,q_0002,1,Array,1,True,0.6666666666666666,2.5,3.5,4,4,level_up
s0029,inconsistent,3,q_0022,2,Array,3,True,0.5,3.0,3.0,4,2,reinforce
s0029,inconsistent,4,q_0026,2,Greedy,2,True,0.5,2.5,3.0,1,3,reinforce
s0029,inconsistent,5,q_0024,2,Array,1,True,0.5555555555555556,3.0,2.8,5,2,level_up
s0029,inconsistent,6,q_0041,3,Memoization,1,False,0.5,3.0,2.8,5,2,reinforce
s0029,inconsistent,7,q_0042,3,Dynamic Programming,4,False,0.35714285714285715,3.0,2.8,5,2,reinforce
s0029,inconsistent,8,q_0046,3,Queue,1,True,0.4,2.6666666666666665,3.1666666666666665,1,5,reinforce
s0029,inconsistent,9,q_0049,3,Geometry,1,True,0.4375,3.0,3.2857142857142856,5,4,level_up
s0029,inconsistent,10,q_0050,3,Graph,1,True,0.47058823529411764,3.25,3.375,5,4,level_up
s0029,inconsistent,11,q_0047,3,Math,1,False,0.4444444444444444,3.25,3.375,5,4,reinforce
s0029,inconsistent,12,q_0043,3,Recursion,1,True,0.47368421052631576,3.4444444444444446,3.4444444444444446,5,4,level_up
s0029,inconsistent,13,q_0045,3,Array,1,True,0.5,3.6,3.6,5,5,level_up
s0029,inconsistent,14,q_0048,3,Stack,2,True,0.5,3.3636363636363638,3.5454545454545454,1,3,reinforce
s0029,inconsistent,15,q_0044,3,Bit Manipulation,1,True,0.5217391304347826,3.5,3.5833333333333335,5,4,level_up
s0030,struggler,0,q_0001,1,Array,4,False,0.0,3.0,3.0,3,3,reinforce
s0030,struggler,1,q_0020,1,Math,2,True,0.16666666666666666,1.0,3.0,1,3,reinforce
s0030,struggler,2,q_0011,1,Array,1,True,0.2857142857142857,3.0,3.0,5,3,level_up
s0030,struggler,3,q_0032,2,Array,1,True,0.375,2.3333333333333335,3.0,1,3,reinforce
s0030,struggler,4,q_0027,2,Array,1,True,0.4444444444444444,2.5,2.75,3,2,reinforce
s0030,struggler,5,q_0022,2,Array,4,False,0.3076923076923077,2.5,2.75,3,2,reinforce
s0030,struggler,6,q_0026,2,Greedy,4,False,0.23529411764705882,2.5,2.75,3,2,reinforce
s0030,struggler,7,q_0029,2,Array,4,False,0.19047619047619047,2.5,2.75,3,2,reinforce
s0030,struggler,8,q_0037,2,Array,4,False,0.16,2.5,2.75,3,2,reinforce
s0030,struggler,9,q_0028,2,Array,1,False,0.15384615384615385,2.5,2.75,3,2,reinforce
s0030,struggler,10,q_0024,2,Array,2,False,0.14285714285714285,2.5,2.75,3,2,reinforce
s0030,struggler,11,q_0040,2,Array,1,True,0.1724137931034483,2.2,2.8,1,3,reinforce
s0030,struggler,12,q_0021,2,Array,3,False,0.15625,2.2,2.8,1,3,reinforce
s0030,struggler,13,q_0038,2,Union Find,1,True,0.18181818181818182,2.0,3.1666666666666665,1,5,reinforce
s0030,struggler,14,q_0039,2,Array,2,False,0.17142857142857143,2.0,3.1666666666666665,1,5,reinforce
s0030,struggler,15,q_0025,2,Math,1,True,0.19444444444444445,2.2857142857142856,3.142857142857143,4,3,level_up
s0030,struggler,16,q_0047,3,Math,1,False,0.1891891891891892,2.2857142857142856,3.142857142857143,4,3,reinforce
s0031,average,0,q_0001,1,Array,1,True,1.0,3.0,4.0,3,4,level_up
s0031,average,1,q_0024,2,Array,2,True,0.6666666666666666,2.0,4.5,1,5,reinforce
s0031,average,2,q_0037,2,Array,1,True,0.75,2.6666666666666665,4.333333333333333,4,4,level_up
s0031,average,3,q_0042,3,Dynamic Programming,4,False,0.375,2.6666666666666665,4.333333333333333,4,4,reinforce
s0031,average,4,q_0050,3,Graph,3,True,0.36363636363636365,2.75,4.25,3,4,reinforce
s0031,average,5,q_0041,3,Memoization,3,True,0.35714285714285715,3.0,4.2,4,4,reinforce
s0031,average,6,q_0048,3,Stack,1,True,0.4,3.1666666666666665,4.166666666666667,4,4,level_up
s0031,average,7,q_0043,3,Recursion,1,False,0.375,3.1666666666666665,4.166666666666667,4,4,reinforce
s0031,average,8,q_0049,3,Geometry,1,True,0.4117647058823529,3.4285714285714284,4.285714285714286,5,5,level_up
s0031,average,9,q_0047,3,Math,4,False,0.3333333333333333,3.4285714285714284,4.285714285714286,5,5,reinforce
s0031,average,10,q_0046,3,Queue,1,False,0.3181818181818182,3.4285714285714284,4.285714285714286,5,5,reinforce
s0031,average,11,q_0045,3,Array,2,True,0.3333333333333333,3.625,4.125,5,3,level_up
s0031,average,12,q_0044,3,Bit Manipulation,2,True,0.34615384615384615,3.6666666666666665,4.111111111111111,4,4,level_up
s0032,advanced,0,q_0020,1,Math,1,True,1.0,4.0,4.0,4,4,level_up
s0032,advanced,1,q_0028,2,Array,1,True,1.0,4.5,4.0,5,4,level_up
s0032,advanced,2,q_0048,3,Stack,3,True,0.6,4.666666666666667,4.333333333333333,5,5,reinforce
s0032,advanced,3,q_0043,3,Recursion,2,True,0.5714285714285714,4.25,4.25,3,4,reinforce
s0032,advanced,4,q_0041,3,Memoization,1,True,0.625,4.4,4.2,5,4,level_up
s0032,advanced,5,q_0044,3,Bit Manipulation,1,False,0.5555555555555556,4.4,4.2,5,4,reinforce
s0032,advanced,6,q_0046,3,Queue,1,False,0.5,4.4,4.2,5,4,reinforce
s0032,advanced,7,q_0042,3,Dynamic Programming,1,True,0.5454545454545454,4.5,4.0,5,3,level_up
s0032,advanced,8,q_0045,3,Array,1,True,0.5833333333333334,4.571428571428571,4.0,5,4,level_up
s0032,advanced,9,q_0047,3,Math,1,True,0.6153846153846154,4.625,4.125,5,5,level_up
s0032,advanced,10,q_0049,3,Geometry,1,True,0.6428571428571429,4.666666666666667,4.111111111111111,5,4,level_up
s0032,advanced,11,q_0050,3,Graph,1,True,0.6666666666666666,4.7,4.2,5,5,level_up
s0033,fast_improver,0,q_0001,1,Array,1,True,1.0,1.0,4.0,1,4,reinforce
s0033,fast_improver,1,q_0008,1,Math,1,True,1.0,2.5,3.5,4,3,level_up
s0033,fast_improver,2,q_0021,2,Array,3,True,0.6,2.6666666666666665,3.3333333333333335,3,3,reinforce
s0033,fast_improver,3,q_0034,2,Two Pointers,2,True,0.5714285714285714,2.75,3.75,3,5,reinforce
s0033,fast_improver,4,q_0028,2,Array,1,False,0.5,2.75,3.75,3,5,reinforce
s0033,fast_improver,5,q_0031,2,Greedy,1,True,0.5555555555555556,3.2,3.6,5,3,level_up
s0033,fast_improver,6,q_0042,3,Dynamic Programming,1,True,0.6,3.5,3.6666666666666665,5,4,level_up
s0033,fast_improver,7,q_0041,3,Memoization,3,True,0.5384615384615384,3.5714285714285716,3.857142857142857,4,5,reinforce
s0033,fast_improver,8,q_0045,3,Array,2,True,0.5333333333333333,3.625,3.625,4,2,level_up
s0034,inconsistent,0,q_0009,1,Array,1,True,1.0,1.0,4.0,1,4,reinforce
s0034,inconsistent,1,q_0008,1,Math,1,True,1.0,3.0,4.0,5,4,level_up
s0034,inconsistent,2,q_0034,2,Two Pointers,2,True,0.75,3.6666666666666665,3.6666666666666665,5,3,level_up
s0034,inconsistent,3,q_0048,3,Stack,1,True,0.8,3.0,4.0,1,5,reinforce
s0034,inconsistent,4,q_0044,3,Bit Manipulation,1,False,0.6666666666666666,3.0,4.0,1,5,reinforce
s0034,inconsistent,5,q_0042,3,Dynamic Programming,3,False,0.4444444444444444,3.0,4.0,1,5,reinforce
s0034,inconsistent,6,q_0046,3,Queue,1,False,0.4,3.0,4.0,1,5,reinforce
s0034,inconsistent,7,q_0049,3,Geometry,1,True,0.45454545454545453,3.4,3.8,5,3,level_up
s0034,inconsistent,8,q_0043,3,Recursion,1,True,0.5,3.3333333333333335,3.5,3,2,reinforce
s0034,inconsistent,9,q_0045,3,Array,2,False,0.42857142857142855,3.3333333333333335,3.5,3,2,reinforce
s0034,inconsistent,10,q_0050,3,Graph,1,True,0.4666666666666667,3.0,3.4285714285714284,1,3,reinforce
s0034,inconsistent,11,q_0041,3,Memoization,2,True,0.47058823529411764,3.25,3.5,5,4,level_up
s0034,inconsistent,12,q_0047,3,Math,1,False,0.4444444444444444,3.25,3.5,5,4,reinforce
s0035,struggler,0,q_0010,1,Greedy,3,True,0.3333333333333333,4.0,2.0,4,2,reinforce
s0035,struggler,1,q_0019,1,Sorting,1,True,0.5,3.5,2.0,3,2,reinforce
s0035,struggler,2,q_0014,1,Greedy,3,True,0.42857142857142855,2.6666666666666665,2.3333333333333335,1,3,reinforce
s0035,struggler,3,q_0017,1,Hash Table,1,True,0.5,2.25,2.5,1,3,reinforce
s0035,struggler,4,q_0001,1,Array,2,True,0.5,2.0,2.6,1,3,reinforce
s0035,struggler,5,q_0002,1,Array,1,True,0.5454545454545454,1.8333333333333333,2.6666666666666665,1,3,reinforce
s0035,struggler,6,q_0012,1,Hash Table,2,True,0.5384615384615384,2.2857142857142856,2.857142857142857,5,4,level_up
s0035,struggler,7,q_0030,2,Array,1,True,0.5714285714285714,2.375,2.75,3,2,reinforce
s0035,struggler,8,q_0025,2,Math,1,True,0.6,2.6666666666666665,2.6666666666666665,5,2,level_up
s0035,struggler,9,q_0044,3,Bit Manipulation,1,True,0.625,2.7,2.8,3,4,reinforce
s0035,struggler,10,q_0041,3,Memoization,1,False,0.5882352941176471,2.7,2.8,3,4,reinforce
s0035,struggler,11,q_0042,3,Dynamic Programming,3,False,0.5,2.7,2.8,3,4,reinforce
s0035,struggler,12,q_0045,3,Array,2,False,0.45454545454545453,2.7,2.8,3,4,reinforce
s0035,struggler,13,q_0047,3,Math,1,False,0.43478260869565216,2.7,2.8,3,4,reinforce
s0035,struggler,14,q_0049,3,Geometry,2,False,0.4,2.7,2.8,3,4,reinforce
s0035,struggler,15,q_0050,3,Graph,1,False,0.38461538461538464,2.7,2.8,3,4,reinforce
s0035,struggler,16,q_0046,3,Queue,4,True,0.36666666666666664,2.909090909090909,2.8181818181818183,5,3,reinforce
s0036,average,0,q_0015,1,String,1,True,1.0,3.0,4.0,3,4,level_up
s0036,average,1,q_0021,2,Array,3,True,0.5,3.0,4.0,3,4,reinforce
s0036,average,2,q_0040,2,Array,1,True,0.6,3.0,3.6666666666666665,3,3,reinforce
s0036,average,3,q_0027,2,Array,1,True,0.6666666666666666,3.25,3.75,4,4,level_up
s0036,average,4,q_0042,3,Dynamic Programming,3,False,0.4444444444444444,3.25,3.75,4,4,reinforce
s0036,average,5,q_0046,3,Queue,2,False,0.36363636363636365,3.25,3.75,4,4,reinforce
s0036,average,6,q_0047,3,Math,3,False,0.2857142857142857,3.25,3.75,4,4,reinforce
s0036,average,7,q_0045,3,Array,1,True,0.3333333333333333,3.6,3.8,5,4,level_up
s0036,average,8,q_0048,3,Stack,4,False,0.2631578947368421,3.6,3.8,5,4,reinforce
s0036,average,9,q_0050,3,Graph,1,False,0.25,3.6,3.8,5,4,reinforce
s0036,average,10,q_0041,3,Memoization,1,False,0.23809523809523808,3.6,3.8,5,4,reinforce
s0036,average,11,q_0049,3,Geometry,1,True,0.2727272727272727,3.8333333333333335,3.6666666666666665,5,3,level_up
s0036,average,12,q_0043,3,Recursion,2,True,0.2916666666666667,3.7142857142857144,3.857142857142857,3,5,reinforce
s0036,average,13,q_0044,3,Bit Manipulation,2,True,0.3076923076923077,3.625,3.625,3,2,reinforce
s0037,advanced,0,q_0015,1,String,1,True,1.0,5.0,5.0,5,5,level_up
s0037,advanced,1,q_0021,2,Array,1,True,1.0,4.5,4.5,4,4,level_up
s0037,advanced,2,q_0045,3,Array,2,False,0.5,4.5,4.5,4,4,reinforce
s0037,advanced,3,q_0047,3,Math,1,True,0.6,4.666666666666667,4.333333333333333,5,4,level_up
s0037,advanced,4,q_0044,3,Bit Manipulation,1,True,0.6666666666666666,4.75,4.0,5,3,level_up
s0037,advanced,5,q_0049,3,Geometry,1,True,0.7142857142857143,4.6,4.2,4,5,level_up
s0037,advanced,6,q_0043,3,Recursion,1,True,0.75,4.666666666666667,4.333333333333333,5,5,level_up
s0037,advanced,7,q_0041,3,Memoization,1,True,0.7777777777777778,4.714285714285714,4.428571428571429,5,5,level_up
s0038,fast_improver,0,q_0005,1,Stack,1,True,1.0,1.0,2.0,1,2,reinforce
s0038,fast_improver,1,q_0015,1,String,1,True,1.0,2.0,2.0,3,2,level_up
s0038,fast_improver,2,q_0040,2,Array,1,True,1.0,1.6666666666666667,2.0,1,2,reinforce
s0038,fast_improver,3,q_0031,2,Greedy,4,False,0.42857142857142855,1.6666666666666667,2.0,1,2,reinforce
s0038,fast_improver,4,q_0021,2,Array,1,True,0.5,2.5,2.0,5,2,level_up
s0038,fast_improver,5,q_0043,3,Recursion,2,False,0.4,2.5,2.0,5,2,reinforce
s0038,fast_improver,6,q_0048,3,Stack,1,True,0.45454545454545453,3.0,2.4,5,4,level_up
s0038,fast_improver,7,q_0045,3,Array,1,True,0.5,3.1666666666666665,2.5,4,3,level_up
s0038,fast_improver,8,q_0049,3,Geometry,1,True,0.5384615384615384,3.4285714285714284,2.857142857142857,5,5,level_up
s0038,fast_improver,9,q_0041,3,Memoization,1,True,0.5714285714285714,3.375,3.125,3,5,reinforce
s0038,fast_improver,10,q_0042,3,Dynamic Programming,2,True,0.5625,3.5555555555555554,3.3333333333333335,5,5,level_up
s0038,fast_improver,11,q_0050,3,Graph,1,True,0.5882352941176471,3.7,3.4,5,4,level_up
s0038,fast_improver,12,q_0046,3,Queue,1,True,0.6111111111111112,3.8181818181818183,3.5454545454545454,5,5,level_up
s0038,fast_improver,13,q_0047,3,Math,1,True,0.631578947368421,3.8333333333333335,3.6666666666666665,4,5,level_up
s0038,fast_improver,14,q_0044,3,Bit Manipulation,1,True,0.65,3.923076923076923,3.769230769230769,5,5,level_up
s0039,inconsistent,0,q_0010,1,Greedy,1,True,1.0,1.0,3.0,1,3,reinforce
s0039,inconsistent,1,q_0020,1,Math,2,True,0.6666666666666666,1.0,4.0,1,5,reinforce
s0039,inconsistent,2,q_0017,1,Hash Table,1,True,0.75,1.0,4.0,1,4,reinforce
s0039,inconsistent,3,q_0016,1,Array,1,True,0.8,2.0,4.0,5,4,level_up
s0039,inconsistent,4,q_0030,2,Array,2,True,0.7142857142857143,2.6,4.0,5,4,level_up
s0039,inconsistent,5,q_0047,3,Math,4,False,0.45454545454545453,2.6,4.0,5,4,reinforce
s0039,inconsistent,6,q_0049,3,Geometry,3,False,0.35714285714285715,2.6,4.0,5,4,reinforce
s0039,inconsistent,7,q_0043,3,Recursion,3,False,0.29411764705882354,2.6,4.0,5,4,reinforce
s0039,inconsistent,8,q_0050,3,Graph,1,True,0.3333333333333333,2.6666666666666665,4.0,3,4,reinforce
s0039,inconsistent,9,q_0048,3,Stack,1,True,0.3684210526315789,3.0,3.857142857142857,5,3,level_up
s0039,inconsistent,10,q_0041,3,Memoization,3,True,0.36363636363636365,3.125,4.0,4,5,reinforce
s0039,inconsistent,11,q_0042,3,Dynamic Programming,1,True,0.391304347826087,2.888888888888889,3.888888888888889,1,3,reinforce
s0040,struggler,0,q_0004,1,String,1,True,1.0,1.0,2.0,1,2,reinforce
s0040,struggler,1,q_0019,1,Sorting,1,True,1.0,2.0,3.0,3,4,level_up
s0040,struggler,2,q_0037,2,Array,1,True,1.0,2.6666666666666665,3.3333333333333335,4,4,level_up
s0040,struggler,3,q_0045,3,Array,4,True,0.5714285714285714,2.75,3.75,3,5,reinforce
s0040,struggler,4,q_0046,3,Queue,1,True,0.625,3.2,4.0,5,5,level_up
s0040,struggler,5,q_0043,3,Recursion,4,True,0.5,2.8333333333333335,4.0,1,4,reinforce
s0040,struggler,6,q_0048,3,Stack,1,False,0.46153846153846156,2.8333333333333335,4.0,1,4,reinforce
s0040,struggler,7,q_0042,3,Dynamic Programming,2,False,0.4,2.8333333333333335,4.0,1,4,reinforce
s0040,struggler,8,q_0041,3,Memoization,1,True,0.4375,3.142857142857143,4.142857142857143,5,5,level_up
s0040,struggler,9,q_0050,3,Graph,2,False,0.3888888888888889,3.142857142857143,4.142857142857143,5,5,reinforce
s0040,struggler,10,q_0047,3,Math,3,False,0.3333333333333333,3.142857142857143,4.142857142857143,5,5,reinforce
s0040,struggler,11,q_0044,3,Bit Manipulation,2,False,0.30434782608695654,3.142857142857143,4.142857142857143,5,5,reinforce
s0041,average,0,q_0001,1,Array,1,True,1.0,4.0,4.0,4,4,level_up
s0041,average,1,q_0021,2,Array,1,True,1.0,3.5,4.0,3,4,level_up
s0041,average,2,q_0043,3,Recursion,2,False,0.5,3.5,4.0,3,4,reinforce
s0041,average,3,q_0046,3,Queue,1,True,0.6,3.6666666666666665,3.3333333333333335,4,2,level_up
s0041,average,4,q_0049,3,Geometry,3,False,0.375,3.6666666666666665,3.3333333333333335,4,2,reinforce
s0041,average,5,q_0044,3,Bit Manipulation,1,True,0.4444444444444444,4.0,3.75,5,5,level_up
s0041,average,6,q_0045,3,Array,1,False,0.4,4.0,3.75,5,5,reinforce
s0041,average,7,q_0047,3,Math,4,True,0.35714285714285715,4.2,3.4,5,2,reinforce
s0042,advanced,0,q_0017,1,Hash Table,1,True,1.0,5.0,4.0,5,4,level_up
s0042,advanced,1,q_0024,2,Array,1,True,1.0,5.0,4.5,5,5,level_up
s0042,advanced,2,q_0045,3,Array,1,True,1.0,5.0,4.0,5,3,level_up
s0042,advanced,3,q_0042,3,Dynamic Programming,2,True,0.8,5.0,4.0,5,4,level_up
s0042,advanced,4,q_0050,3,Graph,1,True,0.8333333333333334,5.0,4.0,5,4,level_up
s0042,advanced,5,q_0041,3,Memoization,1,False,0.7142857142857143,5.0,4.0,5,4,reinforce
s0042,advanced,6,q_0046,3,Queue,2,True,0.6666666666666666,5.0,4.0,5,4,level_up
s0042,advanced,7,q_0047,3,Math,3,False,0.5,5.0,4.0,5,4,reinforce
s0042,advanced,8,q_0049,3,Geometry,1,True,0.5384615384615384,5.0,4.142857142857143,5,5,level_up
s0042,advanced,9,q_0048,3,Stack,1,True,0.5714285714285714,4.75,4.125,3,4,reinforce
s0042,advanced,10,q_0043,3,Recursion,1,True,0.6,4.777777777777778,4.111111111111111,5,4,level_up
s0043,fast_improver,0,q_0013,1,Two Pointers,1,True,1.0,3.0,4.0,3,4,level_up
s0043,fast_improver,1,q_0040,2,Array,1,True,1.0,4.0,4.0,5,4,level_up
s0043,fast_improver,2,q_0050,3,Graph,4,False,0.3333333333333333,4.0,4.0,5,4,reinforce
s0043,fast_improver,3,q_0044,3,Bit Manipulation,3,False,0.2222222222222222,4.0,4.0,5,4,reinforce
s0043,fast_improver,4,q_0046,3,Queue,1,False,0.2,4.0,4.0,5,4,reinforce
s0043,fast_improver,5,q_0047,3,Math,1,True,0.2727272727272727,4.0,4.333333333333333,4,5,level_up
s0043,fast_improver,6,q_0043,3,Recursion,2,True,0.3076923076923077,4.25,4.25,5,4,level_up
s0043,fast_improver,7,q_0042,3,Dynamic Programming,2,False,0.26666666666666666,4.25,4.25,5,4,reinforce
s0043,fast_improver,8,q_0041,3,Memoization,2,True,0.29411764705882354,4.4,4.4,5,5,level_up
s0043,fast_improver,9,q_0045,3,Array,1,True,0.3333333333333333,4.5,4.333333333333333,5,4,level_up
s0043,fast_improver,10,q_0049,3,Geometry,1,True,0.3684210526315789,4.571428571428571,4.285714285714286,5,4,level_up
s0043,fast_improver,11,q_0048,3,Stack,1,False,0.35,4.571428571428571,4.285714285714286,5,4,reinforce
s0044,inconsistent,0,q_0004,1,String,1,True,1.0,3.0,5.0,3,5,level_up
s0044,inconsistent,1,q_0038,2,Union Find,1,True,1.0,4.0,4.5,5,4,level_up
s0044,inconsistent,2,q_0041,3,Memoization,1,True,1.0,3.0,4.333333333333333,1,4,reinforce
s0044,inconsistent,3,q_0049,3,Geometry,2,True,0.8,3.5,4.0,5,3,level_up
s0044,inconsistent,4,q_0044,3,Bit Manipulation,1,True,0.8333333333333334,3.6,4.0,4,4,level_up
s0044,inconsistent,5,q_0050,3,Graph,2,True,0.75,3.8333333333333335,4.166666666666667,5,5,level_up
s0044,inconsistent,6,q_0043,3,Recursion,1,False,0.6666666666666666,3.8333333333333335,4.166666666666667,5,5,reinforce
s0044,inconsistent,7,q_0048,3,Stack,1,False,0.6,3.8333333333333335,4.166666666666667,5,5,reinforce
s0044,inconsistent,8,q_0042,3,Dynamic Programming,2,True,0.5833333333333334,3.857142857142857,4.285714285714286,4,5,level_up
s0044,inconsistent,9,q_0045,3,Array,2,True,0.5714285714285714,4.0,4.25,5,4,level_up
s0044,inconsistent,10,q_0046,3,Queue,1,True,0.6,4.0,4.0,4,2,level_up
s0044,inconsistent,11,q_0047,3,Math,1,False,0.5625,4.0,4.0,4,2,reinforce
s0045,struggler,0,q_0003,1,Array,1,False,0.0,3.0,3.0,3,3,reinforce
s0045,struggler,1,q_0019,1,Sorting,2,True,0.3333333333333333,3.0,4.0,3,4,reinforce
s0045,struggler,2,q_0013,1,Two Pointers,1,True,0.5,4.0,3.5,5,3,level_up
s0045,struggler,3,q_0022,2,Array,2,True,0.5,3.6666666666666665,3.6666666666666665,3,4,reinforce
s0045,struggler,4,q_0024,2,Array,1,False,0.42857142857142855,3.6666666666666665,3.6666666666666665,3,4,reinforce
s0045,struggler,5,q_0034,2,Two Pointers,1,True,0.5,3.0,3.25,1,2,reinforce
s0045,struggler,6,q_0037,2,Array,1,False,0.4444444444444444,3.0,3.25,1,2,reinforce
s0045,struggler,7,q_0028,2,Array,1,False,0.4,3.0,3.25,1,2,reinforce
s0045,struggler,8,q_0035,2,Stack,3,True,0.38461538461538464,3.2,3.6,4,5,reinforce
s0045,struggler,9,q_0038,2,Union Find,4,False,0.29411764705882354,3.2,3.6,4,5,reinforce
s0045,struggler,10,q_0027,2,Array,1,True,0.3333333333333333,3.1666666666666665,3.3333333333333335,3,2,reinforce
s0045,struggler,11,q_0026,2,Greedy,1,False,0.3157894736842105,3.1666666666666665,3.3333333333333335,3,2,reinforce
s0045,struggler,12,q_0036,2,Hash Table,1,True,0.35,3.4285714285714284,3.4285714285714284,5,4,level_up
s0045,struggler,13,q_0045,3,Array,1,False,0.3333333333333333,3.4285714285714284,3.4285714285714284,5,4,reinforce
s0045,struggler,14,q_0046,3,Queue,2,False,0.30434782608695654,3.4285714285714284,3.4285714285714284,5,4,reinforce
s0045,struggler,15,q_0049,3,Geometry,1,True,0.3333333333333333,3.625,3.625,5,5,level_up
s0045,struggler,16,q_0050,3,Graph,1,True,0.36,3.7777777777777777,3.6666666666666665,5,4,level_up
s0046,average,0,q_0005,1,Stack,1,True,1.0,4.0,4.0,4,4,level_up
s0046,average,1,q_0030,2,Array,1,True,1.0,2.5,4.0,1,4,reinforce
s0046,average,2,q_0026,2,Greedy,1,True,1.0,2.6666666666666665,4.0,3,4,level_up
s0046,average,3,q_0045,3,Array,3,False,0.5,2.6666666666666665,4.0,3,4,reinforce
s0046,average,4,q_0041,3,Memoization,2,False,0.375,2.6666666666666665,4.0,3,4,reinforce
s0046,average,5,q_0049,3,Geometry,2,False,0.3,2.6666666666666665,4.0,3,4,reinforce
s0046,average,6,q_0047,3,Math,2,True,0.3333333333333333,2.25,4.0,1,4,reinforce
s0046,average,7,q_0044,3,Bit Manipulation,3,True,0.3333333333333333,2.8,4.0,5,4,reinforce
s0046,average,8,q_0046,3,Queue,1,True,0.375,2.8333333333333335,3.8333333333333335,3,3,reinforce
s0047,advanced,0,q_0003,1,Array,1,True,1.0,4.0,3.0,4,3,level_up
s0047,advanced,1,q_0027,2,Array,1,True,1.0,4.0,3.0,4,3,level_up
s0047,advanced,2,q_0045,3,Array,1,True,1.0,4.0,3.6666666666666665,4,5,level_up
s0047,advanced,3,q_0047,3,Math,2,True,0.8,4.25,3.75,5,4,level_up
s0047,advanced,4,q_0049,3,Geometry,1,True,0.8333333333333334,4.4,3.8,5,4,level_up
s0047,advanced,5,q_0043,3,Recursion,1,True,0.8571428571428571,4.5,3.6666666666666665,5,3,level_up
s0047,advanced,6,q_0044,3,Bit Manipulation,2,True,0.7777777777777778,4.571428571428571,3.857142857142857,5,5,level_up
s0047,advanced,7,q_0041,3,Memoization,1,True,0.8,4.625,3.75,5,3,level_up
s0047,advanced,8,q_0046,3,Queue,1,True,0.8181818181818182,4.555555555555555,3.888888888888889,4,5,level_up
s0047,advanced,9,q_0048,3,Stack,1,False,0.75,4.555555555555555,3.888888888888889,4,5,reinforce
s0047,advanced,10,q_0042,3,Dynamic Programming,1,True,0.7692307692307693,4.6,3.9,5,4,level_up
s0048,fast_improver,0,q_0012,1,Hash Table,1,True,1.0,1.0,2.0,1,2,reinforce
s0048,fast_improver,1,q_0014,1,Greedy,2,True,0.6666666666666666,2.5,2.0,4,2,level_up
s0048,fast_improver,2,q_0021,2,Array,1,True,0.75,3.0,3.0,4,5,level_up
s0048,fast_improver,3,q_0045,3,Array,2,True,0.6666666666666666,3.5,3.25,5,4,level_up
s0048,fast_improver,4,q_0042,3,Dynamic Programming,1,True,0.7142857142857143,3.0,3.6,1,5,reinforce
s0048,fast_improver,5,q_0043,3,Recursion,1,True,0.75,3.3333333333333335,3.5,5,3,level_up
s0048,fast_improver,6,q_0050,3,Graph,1,True,0.7777777777777778,3.5714285714285716,3.4285714285714284,5,3,level_up
s0048,fast_improver,7,q_0044,3,Bit Manipulation,1,True,0.8,3.75,3.5,5,4,level_up
s0048,fast_improver,8,q_0048,3,Stack,1,False,0.7272727272727273,3.75,3.5,5,4,reinforce
s0048,fast_improver,9,q_0047,3,Math,1,True,0.75,3.7777777777777777,3.4444444444444446,4,3,level_up
s0048,fast_improver,10,q_0049,3,Geometry,1,True,0.7692307692307693,3.7,3.5,3,4,level_up
s0048,fast_improver,11,q_0041,3,Memoization,1,False,0.7142857142857143,3.7,3.5,3,4,reinforce
s0048,fast_improver,12,q_0046,3,Queue,1,True,0.7333333333333333,3.8181818181818183,3.6363636363636362,5,5,level_up
s0049,inconsistent,0,q_0010,1,Greedy,1,False,0.0,3.0,3.0,3,3,reinforce
s0049,inconsistent,1,q_0004,1,String,1,True,0.5,1.0,5.0,1,5,reinforce
s0049,inconsistent,2,q_0017,1,Hash Table,1,True,0.6666666666666666,1.0,3.5,1,2,reinforce
s0049,inconsistent,3,q_0016,1,Array,2,True,0.6,2.3333333333333335,3.3333333333333335,5,3,level_up
s0049,inconsistent,4,q_0026,2,Greedy,1,True,0.6666666666666666,2.5,3.25,3,3,reinforce
s0049,inconsistent,5,q_0040,2,Array,1,True,0.7142857142857143,2.8,3.2,4,3,level_up
s0049,inconsistent,6,q_0048,3,Stack,2,False,0.5555555555555556,2.8,3.2,4,3,reinforce
s0049,inconsistent,7,q_0043,3,Recursion,1,True,0.6,2.8333333333333335,3.1666666666666665,3,3,reinforce
s0050,struggler,0,q_0003,1,Array,2,True,0.5,1.0,3.0,1,3,reinforce
s0050,struggler,1,q_0019,1,Sorting,2,True,0.5,2.0,4.0,3,5,reinforce
s0050,struggler,2,q_0005,1,Stack,2,True,0.5,2.6666666666666665,3.3333333333333335,4,2,level_up
s0050,struggler,3,q_0037,2,Array,3,False,0.3333333333333333,2.6666666666666665,3.3333333333333335,4,2,reinforce
s0050,struggler,4,q_0024,2,Array,1,True,0.4,2.75,3.25,3,3,reinforce
s0050,struggler,5,q_0023,2,Array,1,False,0.36363636363636365,2.75,3.25,3,3,reinforce
s0050,struggler,6,q_0022,2,Array,1,True,0.4166666666666667,2.8,3.2,3,3,reinforce
s0050,struggler,7,q_0029,2,Array,1,False,0.38461538461538464,2.8,3.2,3,3,reinforce
s0050,struggler,8,q_0033,2,Tree,3,False,0.3125,2.8,3.2,3,3,reinforce
s0050,struggler,9,q_0025,2,Math,1,True,0.35294117647058826,2.5,3.3333333333333335,1,4,reinforce
s0050,struggler,10,q_0028,2,Array,1,True,0.3888888888888889,2.2857142857142856,3.2857142857142856,1,3,reinforce
s0050,struggler,11,q_0036,2,Hash Table,3,False,0.3333333333333333,2.2857142857142856,3.2857142857142856,1,3,reinforce
s0050,struggler,12,q_0031,2,Greedy,1,True,0.36363636363636365,2.125,3.25,1,3,reinforce
s0050,struggler,13,q_0035,2,Stack,2,True,0.375,2.4444444444444446,3.3333333333333335,5,4,level_up
s0050,struggler,14,q_0043,3,Recursion,3,True,0.37037037037037035,2.7,3.3,5,3,reinforce
s0050,struggler,15,q_0048,3,Stack,2,False,0.3448275862068966,2.7,3.3,5,3,reinforce
s0050,struggler,16,q_0045,3,Array,3,False,0.3125,2.7,3.3,5,3,reinforce
s0050,struggler,17,q_0047,3,Math,1,False,0.30303030303030304,2.7,3.3,5,3,reinforce
s0051,average,0,q_0010,1,Greedy,1,True,1.0,1.0,4.0,1,4,reinforce
s0051,average,1,q_0004,1,String,1,False,0.5,1.0,4.0,1,4,reinforce
s0051,average,2,q_0009,1,Array,1,True,0.6666666666666666,3.0,4.5,5,5,level_up
s0051,average,3,q_0021,2,Array,1,True,0.75,3.0,4.0,3,3,level_up
s0051,average,4,q_0048,3,Stack,1,False,0.6,3.0,4.0,3,3,reinforce
s0051,average,5,q_0041,3,Memoization,1,False,0.5,3.0,4.0,3,3,reinforce
s0051,average,6,q_0047,3,Math,1,True,0.5714285714285714,3.25,4.0,4,4,level_up
s0051,average,7,q_0043,3,Recursion,1,True,0.625,2.8,3.6,1,2,reinforce
s0051,average,8,q_0044,3,Bit Manipulation,2,False,0.5,2.8,3.6,1,2,reinforce
s0051,average,9,q_0045,3,Array,1,False,0.45454545454545453,2.8,3.6,1,2,reinforce
s0051,average,10,q_0049,3,Geometry,1,True,0.5,2.5,3.6666666666666665,1,4,reinforce
s0051,average,11,q_0042,3,Dynamic Programming,3,False,0.4,2.5,3.6666666666666665,1,4,reinforce
s0051,average,12,q_0050,3,Graph,1,True,0.4375,2.2857142857142856,3.7142857142857144,1,4,reinforce
s0051,average,13,q_0046,3,Queue,1,True,0.47058823529411764,2.5,3.625,4,3,level_up
s0052,advanced,0,q_0002,1,Array,1,True,1.0,4.0,4.0,4,4,level_up
s0052,advanced,1,q_0035,2,Stack,1,True,1.0,4.5,4.5,5,5,level_up
s0052,advanced,2,q_0041,3,Memoization,1,True,1.0,4.333333333333333,4.666666666666667,4,5,level_up
s0052,advanced,3,q_0046,3,Queue,2,False,0.6,4.333333333333333,4.666666666666667,4,5,reinforce
s0052,advanced,4,q_0050,3,Graph,1,True,0.6666666666666666,4.0,4.25,3,3,reinforce
s0052,advanced,5,q_0044,3,Bit Manipulation,3,True,0.5555555555555556,4.0,4.4,4,5,reinforce
s0052,advanced,6,q_0045,3,Array,1,True,0.6,4.166666666666667,4.333333333333333,5,4,level_up
s0052,advanced,7,q_0042,3,Dynamic Programming,1,True,0.6363636363636364,4.142857142857143,4.428571428571429,4,5,level_up
s0053,fast_improver,0,q_0020,1,Math,2,True,0.5,1.0,2.0,1,2,reinforce
s0053,fast_improver,1,q_0003,1,Array,1,True,0.6666666666666666,1.0,3.5,1,5,reinforce
s0053,fast_improver,2,q_0006,1,Array,1,True,0.75,2.3333333333333335,3.6666666666666665,5,4,level_up
s0053,fast_improver,3,q_0035,2,Stack,1,True,0.8,2.5,3.5,3,3,level_up
s0053,fast_improver,4,q_0043,3,Recursion,4,True,0.5555555555555556,2.6,3.2,3,2,reinforce
s0053,fast_improver,5,q_0044,3,Bit Manipulation,3,True,0.5,2.3333333333333335,3.3333333333333335,1,4,reinforce
s0053,fast_improver,6,q_0045,3,Array,1,True,0.5384615384615384,2.4285714285714284,3.2857142857142856,3,3,reinforce
s0053,fast_improver,7,q_0050,3,Graph,1,True,0.5714285714285714,2.75,3.375,5,4,level_up
s0053,fast_improver,8,q_0042,3,Dynamic Programming,3,True,0.5294117647058824,3.0,3.4444444444444446,5,4,reinforce
s0053,fast_improver,9,q_0049,3,Geometry,1,True,0.5555555555555556,3.1,3.4,4,3,level_up
s0053,fast_improver,10,q_0041,3,Memoization,1,True,0.5789473684210527,3.272727272727273,3.3636363636363638,5,3,level_up
s0053,fast_improver,11,q_0046,3,Queue,1,True,0.6,3.4166666666666665,3.4166666666666665,5,4,level_up
s0053,fast_improver,12,q_0047,3,Math,1,True,0.6190476190476191,3.5384615384615383,3.4615384615384617,5,4,level_up
s0053,fast_improver,13,q_0048,3,Stack,1,True,0.6363636363636364,3.5714285714285716,3.5714285714285716,4,5,level_up
s0054,inconsistent,0,q_0002,1,Array,1,True,1.0,1.0,4.0,1,4,reinforce
s0054,inconsistent,1,q_0008,1,Math,1,False,0.5,1.0,4.0,1,4,reinforce
s0054,inconsistent,2,q_0012,1,Hash Table,1,True,0.6666666666666666,1.0,4.5,1,5,reinforce
s0054,inconsistent,3,q_0018,1,Array,1,True,0.75,1.0,4.333333333333333,1,4,reinforce
s0054,inconsistent,4,q_0016,1,Array,1,True,0.8,2.0,4.25,5,4,level_up
s0054,inconsistent,5,q_0022,2,Array,1,True,0.8333333333333334,2.6,4.0,5,3,level_up
s0054,inconsistent,6,q_0047,3,Math,1,False,0.7142857142857143,2.6,4.0,5,3,reinforce
s0054,inconsistent,7,q_0042,3,Dynamic Programming,2,True,0.6666666666666666,2.8333333333333335,4.0,4,4,level_up
s0054,inconsistent,8,q_0048,3,Stack,1,True,0.7,3.0,4.0,4,4,level_up
s0054,inconsistent,9,q_0049,3,Geometry,2,True,0.6666666666666666,2.75,3.75,1,2,reinforce
s0054,inconsistent,10,q_0050,3,Graph,1,True,0.6923076923076923,2.888888888888889,3.7777777777777777,4,4,level_up
s0054,inconsistent,11,q_0046,3,Queue,2,True,0.6666666666666666,3.0,3.8,4,4,level_up
s0054,inconsistent,12,q_0045,3,Array,1,True,0.6875,3.1818181818181817,3.8181818181818183,5,4,level_up
s0054,inconsistent,13,q_0043,3,Recursion,1,False,0.6470588235294118,3.1818181818181817,3.8181818181818183,5,4,reinforce
s0054,inconsistent,14,q_0044,3,Bit Manipulation,1,True,0.6666666666666666,3.3333333333333335,3.8333333333333335,5,4,level_up
s0054,inconsistent,15,q_0041,3,Memoization,1,True,0.6842105263157895,3.4615384615384617,3.8461538461538463,5,4,level_up
s0055,struggler,0,q_0003,1,Array,1,True,1.0,1.0,3.0,1,3,reinforce
s0055,struggler,1,q_0020,1,Math,1,True,1.0,1.0,2.5,1,2,reinforce
s0055,struggler,2,q_0009,1,Array,1,True,1.0,1.6666666666666667,3.0,3,4,level_up
s0055,struggler,3,q_0038,2,Union Find,1,False,0.75,1.6666666666666667,3.0,3,4,reinforce
s0055,struggler,4,q_0030,2,Array,3,False,0.42857142857142855,1.6666666666666667,3.0,3,4,reinforce
s0055,struggler,5,q_0021,2,Array,2,True,0.4444444444444444,2.0,2.75,3,2,reinforce
s0055,struggler,6,q_0036,2,Hash Table,2,True,0.45454545454545453,1.8,2.6,1,2,reinforce
s0055,struggler,7,q_0028,2,Array,1,True,0.5,2.1666666666666665,2.8333333333333335,4,4,level_up
s0055,struggler,8,q_0045,3,Array,2,False,0.42857142857142855,2.1666666666666665,2.8333333333333335,4,4,reinforce
s0055,struggler,9,q_0044,3,Bit Manipulation,3,False,0.35294117647058826,2.1666666666666665,2.8333333333333335,4,4,reinforce
s0055,struggler,10,q_0048,3,Stack,3,True,0.35,2.2857142857142856,2.857142857142857,3,3,reinforce
s0055,struggler,11,q_0046,3,Queue,2,False,0.3181818181818182,2.2857142857142856,2.857142857142857,3,3,reinforce
s0055,struggler,12,q_0049,3,Geometry,1,False,0.30434782608695654,2.2857142857142856,2.857142857142857,3,3,reinforce
s0055,struggler,13,q_0041,3,Memoization,4,False,0.25925925925925924,2.2857142857142856,2.857142857142857,3,3,reinforce
s0055,struggler,14,q_0042,3,Dynamic Programming,1,True,0.2857142857142857,2.125,3.125,1,5,reinforce
s0055,struggler,15,q_0047,3,Math,2,True,0.3,2.4444444444444446,3.111111111111111,5,3,level_up
s0055,struggler,16,q_0043,3,Recursion,4,False,0.2647058823529412,2.4444444444444446,3.111111111111111,5,3,reinforce
s0055,struggler,17,q_0050,3,Graph,2,False,0.25,2.4444444444444446,3.111111111111111,5,3,reinforce
s0056,average,0,q_0011,1,Array,1,True,1.0,4.0,4.0,4,4,level_up
s0056,average,1,q_0037,2,Array,3,True,0.5,4.5,4.5,5,5,reinforce
s0056,average,2,q_0039,2,Array,3,False,0.2857142857142857,4.5,4.5,5,5,reinforce
s0056,average,3,q_0035,2,Stack,1,False,0.25,4.5,4.5,5,5,reinforce
s0056,average,4,q_0029,2,Array,3,False,0.18181818181818182,4.5,4.5,5,5,reinforce
s0056,average,5,q_0026,2,Greedy,1,True,0.25,4.333333333333333,3.6666666666666665,4,2,level_up
s0056,average,6,q_0047,3,Math,3,False,0.2,4.333333333333333,3.6666666666666665,4,2,reinforce
s0056,average,7,q_0046,3,Queue,3,False,0.16666666666666666,4.333333333333333,3.6666666666666665,4,2,reinforce
s0056,average,8,q_0042,3,Dynamic Programming,3,True,0.19047619047619047,4.25,4.0,4,5,reinforce
s0056,average,9,q_0045,3,Array,1,True,0.22727272727272727,4.2,4.0,4,4,level_up
s0056,average,10,q_0050,3,Graph,1,True,0.2608695652173913,4.333333333333333,4.0,5,4,level_up
s0056,average,11,q_0044,3,Bit Manipulation,1,False,0.25,4.333333333333333,4.0,5,4,reinforce
s0057,advanced,0,q_0004,1,String,1,True,1.0,5.0,4.0,5,4,level_up
s0057,advanced,1,q_0036,2,Hash Table,1,True,1.0,5.0,4.0,5,4,level_up
s0057,advanced,2,q_0049,3,Geometry,1,True,1.0,5.0,3.6666666666666665,5,3,level_up
s0057,advanced,3,q_0045,3,Array,1,True,1.0,5.0,3.75,5,4,level_up
s0057,advanced,4,q_0048,3,Stack,1,True,1.0,5.0,4.0,5,5,level_up
s0057,advanced,5,q_0047,3,Math,1,True,1.0,5.0,4.0,5,4,level_up
s0057,advanced,6,q_0046,3,Queue,2,True,0.875,5.0,4.0,5,4,level_up
s0057,advanced,7,q_0050,3,Graph,1,True,0.8888888888888888,5.0,4.0,5,4,level_up
s0058,fast_improver,0,q_0012,1,Hash Table,1,True,1.0,3.0,2.0,3,2,level_up
s0058,fast_improver,1,q_0021,2,Array,4,False,0.2,3.0,2.0,3,2,reinforce
s0058,fast_improver,2,q_0040,2,Array,2,True,0.2857142857142857,4.0,2.5,5,3,level_up
s0058,fast_improver,3,q_0043,3,Recursion,1,True,0.375,4.333333333333333,3.3333333333333335,5,5,level_up
s0058,fast_improver,4,q_0048,3,Stack,2,True,0.4,3.5,3.5,1,4,reinforce
s0058,fast_improver,5,q_0050,3,Graph,1,True,0.45454545454545453,3.0,3.4,1,3,reinforce
s0058,fast_improver,6,q_0046,3,Queue,1,False,0.4166666666666667,3.0,3.4,1,3,reinforce
s0058,fast_improver,7,q_0044,3,Bit Manipulation,2,False,0.35714285714285715,3.0,3.4,1,3,reinforce
s0058,fast_improver,8,q_0045,3,Array,1,True,0.4,3.1666666666666665,3.6666666666666665,4,5,level_up
s0059,inconsistent,0,q_0013,1,Two Pointers,2,True,0.5,4.0,5.0,4,5,level_up
s0059,inconsistent,1,q_0030,2,Array,1,True,0.6666666666666666,2.5,5.0,1,5,reinforce
s0059,inconsistent,2,q_0034,2,Two Pointers,2,True,0.6,3.3333333333333335,4.333333333333333,5,3,level_up
s0059,inconsistent,3,q_0045,3,Array,1,True,0.6666666666666666,2.75,4.5,1,5,reinforce
s0059,inconsistent,4,q_0046,3,Queue,2,False,0.5,2.75,4.5,1,5,reinforce
s0059,inconsistent,5,q_0041,3,Memoization,2,True,0.5,2.4,4.2,1,3,reinforce
s0059,inconsistent,6,q_0043,3,Recursion,1,True,0.5454545454545454,2.1666666666666665,4.166666666666667,1,4,reinforce
s0059,inconsistent,7,q_0044,3,Bit Manipulation,1,True,0.5833333333333334,2.5714285714285716,4.285714285714286,5,5,level_up
s0059,inconsistent,8,q_0042,3,Dynamic Programming,1,True,0.6153846153846154,2.375,4.0,1,2,reinforce
s0059,inconsistent,9,q_0047,3,Math,1,True,0.6428571428571429,2.6666666666666665,3.888888888888889,5,3,level_up
s0059,inconsistent,10,q_0049,3,Geometry,2,True,0.625,2.9,3.8,5,3,level_up
s0059,inconsistent,11,q_0050,3,Graph,1,True,0.6470588235294118,3.0,3.8181818181818183,4,4,level_up
s0059,inconsistent,12,q_0048,3,Stack,1,True,0.6666666666666666,3.0833333333333335,3.9166666666666665,4,5,level_up
s0060,struggler,0,q_0013,1,Two Pointers,2,True,0.5,1.0,4.0,1,4,reinforce
s0060,struggler,1,q_0001,1,Array,1,True,0.6666666666666666,1.0,3.5,1,3,reinforce
s0060,struggler,2,q_0007,1,Array,1,True,0.75,1.6666666666666667,3.0,3,2,level_up
s0060,struggler,3,q_0025,2,Math,3,False,0.42857142857142855,1.6666666666666667,3.0,3,2,reinforce
s0060,struggler,4,q_0028,2,Array,1,False,0.375,1.6666666666666667,3.0,3,2,reinforce
s0060,struggler,5,q_0036,2,Hash Table,4,False,0.25,1.6666666666666667,3.0,3,2,reinforce
s0060,struggler,6,q_0038,2,Union Find,1,False,0.23076923076923078,1.6666666666666667,3.0,3,2,reinforce
s0060,struggler,7,q_0033,2,Tree,1,False,0.21428571428571427,1.6666666666666667,3.0,3,2,reinforce
s0060,struggler,8,q_0029,2,Array,1,True,0.26666666666666666,2.0,3.25,3,4,reinforce
s0060,struggler,9,q_0040,2,Array,1,False,0.25,2.0,3.25,3,4,reinforce
s0060,struggler,10,q_0037,2,Array,2,True,0.2777777777777778,2.4,3.4,4,4,level_up
s0060,struggler,11,q_0042,3,Dynamic Programming,1,True,0.3157894736842105,2.8333333333333335,3.3333333333333335,5,3,level_up
s0060,struggler,12,q_0043,3,Recursion,1,True,0.35,3.142857142857143,3.2857142857142856,5,3,level_up
s0060,struggler,13,q_0048,3,Stack,4,False,0.2916666666666667,3.142857142857143,3.2857142857142856,5,3,reinforce
s0060,struggler,14,q_0041,3,Memoization,2,False,0.2692307692307692,3.142857142857143,3.2857142857142856,5,3,reinforce
s0061,average,0,q_0005,1,Stack,1,True,1.0,1.0,3.0,1,3,reinforce
s0061,average,1,q_0017,1,Hash Table,1,True,1.0,2.0,3.5,3,4,level_up
s0061,average,2,q_0026,2,Greedy,3,False,0.4,2.0,3.5,3,4,reinforce
s0061,average,3,q_0030,2,Array,1,True,0.5,1.6666666666666667,3.6666666666666665,1,4,reinforce
s0061,average,4,q_0022,2,Array,3,True,0.4444444444444444,2.25,4.0,4,5,reinforce
s0061,average,5,q_0025,2,Math,1,True,0.5,2.8,3.8,5,3,level_up
s0061,average,6,q_0047,3,Math,1,True,0.5454545454545454,3.0,3.8333333333333335,4,4,level_up
s0061,average,7,q_0045,3,Array,2,True,0.5384615384615384,2.7142857142857144,3.7142857142857144,1,3,reinforce
s0061,average,8,q_0041,3,Memoization,1,True,0.5714285714285714,2.75,3.75,3,4,reinforce
s0061,average,9,q_0049,3,Geometry,3,True,0.5294117647058824,2.888888888888889,3.5555555555555554,4,2,reinforce
s0061,average,10,q_0048,3,Stack,1,True,0.5555555555555556,2.9,3.6,3,4,reinforce
s0062,advanced,0,q_0017,1,Hash Table,1,True,1.0,3.0,5.0,3,5,level_up
s0062,advanced,1,q_0033,2,Tree,1,True,1.0,4.0,5.0,5,5,level_up
s0062,advanced,2,q_0043,3,Recursion,1,True,1.0,4.333333333333333,4.666666666666667,5,4,level_up
s0062,advanced,3,q_0047,3,Math,1,True,1.0,4.5,4.5,5,4,level_up
s0062,advanced,4,q_0048,3,Stack,1,True,1.0,4.6,4.6,5,5,level_up
s0062,advanced,5,q_0046,3,Queue,2,True,0.8571428571428571,4.5,4.5,4,4,level_up
s0062,advanced,6,q_0049,3,Geometry,1,True,0.875,4.571428571428571,4.428571428571429,5,4,level_up
s0062,advanced,7,q_0042,3,Dynamic Programming,1,False,0.7777777777777778,4.571428571428571,4.428571428571429,5,4,reinforce
s0062,advanced,8,q_0044,3,Bit Manipulation,1,True,0.8,4.625,4.375,5,4,level_up
s0062,advanced,9,q_0045,3,Array,1,True,0.8181818181818182,4.555555555555555,4.444444444444445,4,5,level_up
s0062,advanced,10,q_0041,3,Memoization,1,True,0.8333333333333334,4.4,4.3,3,3,level_up
s0062,advanced,11,q_0050,3,Graph,1,True,0.8461538461538461,4.090909090909091,4.363636363636363,1,5,reinforce
s0063,fast_improver,0,q_0001,1,Array,2,False,0.0,3.0,3.0,3,3,reinforce
s0063,fast_improver,1,q_0015,1,String,1,True,0.3333333333333333,5.0,4.0,5,4,level_up
s0063,fast_improver,2,q_0040,2,Array,1,True,0.5,4.0,3.5,3,3,reinforce
s0063,fast_improver,3,q_0025,2,Math,2,True,0.5,3.6666666666666665,3.0,3,2,reinforce
s0063,fast_improver,4,q_0038,2,Union Find,2,False,0.375,3.6666666666666665,3.0,3,2,reinforce
s0063,fast_improver,5,q_0023,2,Array,1,False,0.3333333333333333,3.6666666666666665,3.0,3,2,reinforce
s0063,fast_improver,6,q_0028,2,Array,1,True,0.4,4.0,3.25,5,4,level_up
s0063,fast_improver,7,q_0049,3,Geometry,1,True,0.45454545454545453,4.0,3.4,4,4,level_up
s0063,fast_improver,8,q_0048,3,Stack,2,True,0.46153846153846156,4.0,3.6666666666666665,4,5,level_up
s0064,inconsistent,0,q_0004,1,String,1,True,1.0,4.0,4.0,4,4,level_up
s0064,inconsistent,1,q_0035,2,Stack,2,True,0.6666666666666666,4.0,4.0,4,4,level_up
s0064,inconsistent,2,q_0048,3,Stack,1,True,0.75,3.6666666666666665,4.0,3,4,level_up
s0064,inconsistent,3,q_0044,3,Bit Manipulation,1,True,0.8,3.0,3.75,1,3,reinforce
s0064,inconsistent,4,q_0043,3,Recursion,2,True,0.7142857142857143,2.6,4.0,1,5,reinforce
s0064,inconsistent,5,q_0049,3,Geometry,2,False,0.5555555555555556,2.6,4.0,1,5,reinforce
s0064,inconsistent,6,q_0047,3,Math,3,False,0.4166666666666667,2.6,4.0,1,5,reinforce
s0064,inconsistent,7,q_0046,3,Queue,1,True,0.46153846153846156,2.3333333333333335,4.166666666666667,1,5,reinforce
s0064,inconsistent,8,q_0050,3,Graph,1,True,0.5,2.5714285714285716,4.0,4,3,level_up
s0064,inconsistent,9,q_0041,3,Memoization,2,True,0.5,2.75,3.875,4,3,level_up
s0064,inconsistent,10,q_0045,3,Array,1,True,0.5294117647058824,2.5555555555555554,3.888888888888889,1,4,reinforce
s0064,inconsistent,11,q_0042,3,Dynamic Programming,2,False,0.47368421052631576,2.5555555555555554,3.888888888888889,1,4,reinforce
s0065,struggler,0,q_0005,1,Stack,1,True,1.0,1.0,3.0,1,3,reinforce
s0065,struggler,1,q_0002,1,Array,2,True,0.6666666666666666,1.0,3.0,1,3,reinforce
s0065,struggler,2,q_0001,1,Array,1,True,0.75,1.0,3.0,1,3,reinforce
s0065,struggler,3,q_0006,1,Array,1,True,0.8,1.75,2.75,4,2,level_up
s0065,struggler,4,q_0027,2,Array,2,True,0.7142857142857143,1.6,2.8,1,3,reinforce
s0065,struggler,5,q_0026,2,Greedy,2,True,0.6666666666666666,1.8333333333333333,2.8333333333333335,3,3,reinforce
s0065,struggler,6,q_0034,2,Two Pointers,1,True,0.7,2.0,2.7142857142857144,3,2,reinforce
s0065,struggler,7,q_0040,2,Array,1,False,0.6363636363636364,2.0,2.7142857142857144,3,2,reinforce
s0065,struggler,8,q_0035,2,Stack,4,False,0.4666666666666667,2.0,2.7142857142857144,3,2,reinforce
s0066,average,0,q_0011,1,Array,1,True,1.0,1.0,4.0,1,4,reinforce
s0066,average,1,q_0014,1,Greedy,1,True,1.0,3.0,4.0,5,4,level_up
s0066,average,2,q_0037,2,Array,2,True,0.75,3.0,3.6666666666666665,3,3,level_up
s0066,average,3,q_0042,3,Dynamic Programming,1,False,0.6,3.0,3.6666666666666665,3,3,reinforce
s0066,average,4,q_0048,3,Stack,1,False,0.5,3.0,3.6666666666666665,3,3,reinforce
s0066,average,5,q_0046,3,Queue,1,True,0.5714285714285714,3.5,3.75,5,4,level_up
s0066,average,6,q_0049,3,Geometry,2,True,0.5555555555555556,3.6,3.6,4,3,level_up
s0066,average,7,q_0050,3,Graph,3,True,0.5,3.5,3.6666666666666665,3,4,reinforce
s0066,average,8,q_0043,3,Recursion,1,True,0.5384615384615384,3.5714285714285716,3.7142857142857144,4,4,level_up
s0066,average,9,q_0041,3,Memoization,1,False,0.5,3.5714285714285716,3.7142857142857144,4,4,reinforce
s0066,average,10,q_0044,3,Bit Manipulation,2,True,0.5,3.625,3.875,4,5,level_up
s0066,average,11,q_0045,3,Array,1,True,0.5294117647058824,3.5555555555555554,3.7777777777777777,3,3,reinforce
s0066,average,12,q_0047,3,Math,2,True,0.5263157894736842,3.5,3.8,3,4,reinforce
s0067,advanced,0,q_0012,1,Hash Table,1,True,1.0,4.0,5.0,4,5,level_up
s0067,advanced,1,q_0034,2,Two Pointers,2,True,0.6666666666666666,4.5,5.0,5,5,level_up
s0067,advanced,2,q_0044,3,Bit Manipulation,1,True,0.75,4.666666666666667,5.0,5,5,level_up
s0067,advanced,3,q_0046,3,Queue,1,True,0.8,4.75,5.0,5,5,level_up
s0067,advanced,4,q_0049,3,Geometry,3,False,0.5,4.75,5.0,5,5,reinforce
s0067,advanced,5,q_0045,3,Array,1,True,0.5555555555555556,4.8,4.8,5,4,level_up
s0067,advanced,6,q_0050,3,Graph,2,True,0.5454545454545454,4.833333333333333,4.666666666666667,5,4,level_up
s0067,advanced,7,q_0048,3,Stack,1,True,0.5833333333333334,4.857142857142857,4.714285714285714,5,5,level_up
s0067,advanced,8,q_0041,3,Memoization,1,True,0.6153846153846154,4.625,4.625,3,4,reinforce
s0067,advanced,9,q_0043,3,Recursion,1,True,0.6428571428571429,4.666666666666667,4.555555555555555,5,4,level_up
s0068,fast_improver,0,q_0002,1,Array,1,True,1.0,3.0,2.0,3,2,level_up
s0068,fast_improver,1,q_0029,2,Array,2,True,0.6666666666666666,3.0,2.5,3,3,reinforce
s0068,fast_improver,2,q_0032,2,Array,2,True,0.6,2.3333333333333335,2.6666666666666665,1,3,reinforce
s0068,fast_improver,3,q_0028,2,Array,3,False,0.375,2.3333333333333335,2.6666666666666665,1,3,reinforce
s0068,fast_improver,4,q_0025,2,Math,2,False,0.3,2.3333333333333335,2.6666666666666665,1,3,reinforce
s0068,fast_improver,5,q_0033,2,Tree,3,True,0.3076923076923077,3.0,3.0,5,4,reinforce
s0068,fast_improver,6,q_0031,2,Greedy,1,True,0.35714285714285715,2.6,2.8,1,2,reinforce
s0068,fast_improver,7,q_0040,2,Array,2,True,0.375,3.0,3.0,5,4,level_up
s0068,fast_improver,8,q_0050,3,Graph,2,True,0.3888888888888889,3.0,3.142857142857143,3,4,reinforce
s0068,fast_improver,9,q_0041,3,Memoization,4,True,0.36363636363636365,3.0,3.25,3,4,reinforce
s0068,fast_improver,10,q_0047,3,Math,1,True,0.391304347826087,3.2222222222222223,3.2222222222222223,5,3,level_up
s0069,inconsistent,0,q_0012,1,Hash Table,1,True,1.0,5.0,4.0,5,4,level_up
s0069,inconsistent,1,q_0034,2,Two Pointers,1,True,1.0,3.0,3.5,1,3,reinforce
s0069,inconsistent,2,q_0021,2,Array,1,True,1.0,3.3333333333333335,3.3333333333333335,4,3,level_up
s0069,inconsistent,3,q_0047,3,Math,3,True,0.6666666666666666,2.75,3.5,1,4,reinforce
s0069,inconsistent,4,q_0041,3,Memoization,3,True,0.5555555555555556,3.0,3.8,4,5,reinforce
s0069,inconsistent,5,q_0048,3,Stack,1,True,0.6,2.6666666666666665,4.0,1,5,reinforce
s0069,inconsistent,6,q_0049,3,Geometry,1,True,0.6363636363636364,2.857142857142857,4.142857142857143,4,5,level_up
s0069,inconsistent,7,q_0042,3,Dynamic Programming,1,True,0.6666666666666666,3.125,4.0,5,3,level_up
s0069,inconsistent,8,q_0043,3,Recursion,3,False,0.5333333333333333,3.125,4.0,5,3,reinforce
s0069,inconsistent,9,q_0050,3,Graph,2,False,0.47058823529411764,3.125,4.0,5,3,reinforce
s0069,inconsistent,10,q_0045,3,Array,3,False,0.4,3.125,4.0,5,3,reinforce
s0069,inconsistent,11,q_0046,3,Queue,1,True,0.42857142857142855,3.3333333333333335,4.0,5,4,level_up
s0069,inconsistent,12,q_0044,3,Bit Manipulation,1,True,0.45454545454545453,3.4,4.0,4,4,level_up
s0070,struggler,0,q_0003,1,Array,2,True,0.5,5.0,3.0,5,3,level_up
s0070,struggler,1,q_0024,2,Array,1,True,0.6666666666666666,4.0,3.5,3,4,reinforce
s0070,struggler,2,q_0022,2,Array,1,False,0.5,4.0,3.5,3,4,reinforce
s0070,struggler,3,q_0031,2,Greedy,2,False,0.3333333333333333,4.0,3.5,3,4,reinforce
s0070,struggler,4,q_0035,2,Stack,1,True,0.42857142857142855,3.0,3.3333333333333335,1,3,reinforce
s0070,struggler,5,q_0028,2,Array,4,True,0.36363636363636365,3.25,3.0,4,2,reinforce
s0070,struggler,6,q_0040,2,Array,2,False,0.3076923076923077,3.25,3.0,4,2,reinforce
s0070,struggler,7,q_0039,2,Array,3,True,0.3125,2.8,3.0,1,3,reinforce
s0070,struggler,8,q_0036,2,Hash Table,1,False,0.29411764705882354,2.8,3.0,1,3,reinforce
s0070,struggler,9,q_0033,2,Tree,2,True,0.3157894736842105,2.8333333333333335,3.1666666666666665,3,4,reinforce
s0070,struggler,10,q_0023,2,Array,1,True,0.35,2.857142857142857,3.2857142857142856,3,4,reinforce
s0070,struggler,11,q_0021,2,Array,1,False,0.3333333333333333,2.857142857142857,3.2857142857142856,3,4,reinforce
s0070,struggler,12,q_0026,2,Greedy,3,False,0.2916666666666667,2.857142857142857,3.2857142857142856,3,4,reinforce
s0070,struggler,13,q_0034,2,Two Pointers,1,True,0.32,2.625,3.375,1,4,reinforce
s0070,struggler,14,q_0037,2,Array,2,False,0.2962962962962963,2.625,3.375,1,4,reinforce
s0070,struggler,15,q_0038,2,Union Find,2,True,0.3103448275862069,2.6666666666666665,3.4444444444444446,3,4,reinforce
s0070,struggler,16,q_0029,2,Array,1,True,0.3333333333333333,2.7,3.5,3,4,reinforce
s0070,struggler,17,q_0030,2,Array,1,True,0.3548387096774194,2.5454545454545454,3.5454545454545454,1,4,reinforce
s0071,average,0,q_0002,1,Array,1,True,1.0,5.0,3.0,5,3,level_up
s0071,average,1,q_0035,2,Stack,1,True,1.0,4.0,3.0,3,3,level_up
s0071,average,2,q_0043,3,Recursion,2,False,0.5,4.0,3.0,3,3,reinforce
s0071,average,3,q_0046,3,Queue,1,False,0.4,4.0,3.0,3,3,reinforce
s0071,average,4,q_0047,3,Math,1,False,0.3333333333333333,4.0,3.0,3,3,reinforce
s0071,average,5,q_0042,3,Dynamic Programming,2,True,0.375,4.333333333333333,3.0,5,3,level_up
s0071,average,6,q_0050,3,Graph,2,True,0.4,4.0,3.25,3,4,reinforce
s0071,average,7,q_0049,3,Geometry,3,True,0.38461538461538464,3.8,3.0,3,2,reinforce
s0071,average,8,q_0045,3,Array,1,True,0.42857142857142855,4.0,3.1666666666666665,5,4,level_up
s0071,average,9,q_0048,3,Stack,1,False,0.4,4.0,3.1666666666666665,5,4,reinforce
s0071,average,10,q_0041,3,Memoization,2,True,0.4117647058823529,4.142857142857143,3.2857142857142856,5,4,level_up
s0071,average,11,q_0044,3,Bit Manipulation,1,True,0.4444444444444444,3.75,3.375,1,4,reinforce
s0072,advanced,0,q_0017,1,Hash Table,1,True,1.0,5.0,5.0,5,5,level_up
s0072,advanced,1,q_0037,2,Array,1,True,1.0,4.5,4.0,4,3,level_up
s0072,advanced,2,q_0043,3,Recursion,2,True,0.75,4.666666666666667,4.0,5,4,level_up
s0072,advanced,3,q_0046,3,Queue,1,True,0.8,4.75,4.25,5,5,level_up
s0072,advanced,4,q_0047,3,Math,1,True,0.8333333333333334,4.8,4.2,5,4,level_up
s0072,advanced,5,q_0048,3,Stack,2,True,0.75,4.833333333333333,4.166666666666667,5,4,level_up
s0072,advanced,6,q_0042,3,Dynamic Programming,1,True,0.7777777777777778,4.714285714285714,4.285714285714286,4,5,level_up
s0072,advanced,7,q_0050,3,Graph,2,True,0.7272727272727273,4.75,4.125,5,3,level_up
s0072,advanced,8,q_0049,3,Geometry,1,True,0.75,4.666666666666667,4.222222222222222,4,5,level_up
s0073,fast_improver,0,q_0020,1,Math,2,True,0.5,4.0,2.0,4,2,level_up
s0073,fast_improver,1,q_0033,2,Tree,1,True,0.6666666666666666,3.5,2.5,3,3,reinforce
s0073,fast_improver,2,q_0023,2,Array,1,True,0.75,2.6666666666666665,2.6666666666666665,1,3,reinforce
s0073,fast_improver,3,q_0040,2,Array,1,False,0.6,2.6666666666666665,2.6666666666666665,1,3,reinforce
s0073,fast_improver,4,q_0030,2,Array,1,True,0.6666666666666666,3.0,3.0,4,4,level_up
s0073,fast_improver,5,q_0041,3,Memoization,2,True,0.625,3.4,3.0,5,3,level_up
s0073,fast_improver,6,q_0045,3,Array,2,True,0.6,3.0,3.1666666666666665,1,4,reinforce
s0073,fast_improver,7,q_0047,3,Math,2,True,0.5833333333333334,2.7142857142857144,3.2857142857142856,1,4,reinforce
s0073,fast_improver,8,q_0044,3,Bit Manipulation,2,True,0.5714285714285714,3.0,3.5,5,5,level_up
s0073,fast_improver,9,q_0050,3,Graph,2,True,0.5625,3.2222222222222223,3.5555555555555554,5,4,level_up
s0073,fast_improver,10,q_0046,3,Queue,1,True,0.5882352941176471,3.4,3.6,5,4,level_up
s0073,fast_improver,11,q_0042,3,Dynamic Programming,1,True,0.6111111111111112,3.5454545454545454,3.6363636363636362,5,4,level_up
s0073,fast_improver,12,q_0043,3,Recursion,2,True,0.6,3.6666666666666665,3.6666666666666665,5,4,level_up
s0074,inconsistent,0,q_0005,1,Stack,1,True,1.0,5.0,3.0,5,3,level_up
s0074,inconsistent,1,q_0024,2,Array,2,True,0.6666666666666666,5.0,4.0,5,5,level_up
s0074,inconsistent,2,q_0050,3,Graph,1,False,0.5,5.0,4.0,5,5,reinforce
s0074,inconsistent,3,q_0041,3,Memoization,1,False,0.4,5.0,4.0,5,5,reinforce
s0074,inconsistent,4,q_0043,3,Recursion,1,False,0.3333333333333333,5.0,4.0,5,5,reinforce
s0074,inconsistent,5,q_0046,3,Queue,1,True,0.42857142857142855,4.333333333333333,4.333333333333333,3,5,reinforce
s0074,inconsistent,6,q_0049,3,Geometry,1,True,0.5,4.25,3.75,4,2,level_up
s0074,inconsistent,7,q_0047,3,Math,3,False,0.36363636363636365,4.25,3.75,4,2,reinforce
s0074,inconsistent,8,q_0045,3,Array,4,True,0.3333333333333333,4.2,4.0,4,5,reinforce
s0074,inconsistent,9,q_0042,3,Dynamic Programming,1,False,0.3125,4.2,4.0,4,5,reinforce
s0074,inconsistent,10,q_0048,3,Stack,1,True,0.35294117647058826,4.166666666666667,4.0,4,4,level_up
s0075,struggler,0,q_0019,1,Sorting,2,True,0.5,4.0,2.0,4,2,level_up
s0075,struggler,1,q_0034,2,Two Pointers,1,False,0.3333333333333333,4.0,2.0,4,2,reinforce
s0075,struggler,2,q_0040,2,Array,1,False,0.25,4.0,2.0,4,2,reinforce
s0075,struggler,3,q_0033,2,Tree,1,True,0.4,3.5,2.5,3,3,reinforce
s0075,struggler,4,q_0025,2,Math,2,False,0.2857142857142857,3.5,2.5,3,3,reinforce
s0075,struggler,5,q_0024,2,Array,3,False,0.2,3.5,2.5,3,3,reinforce
s0075,struggler,6,q_0022,2,Array,1,True,0.2727272727272727,2.6666666666666665,2.6666666666666665,1,3,reinforce
s0075,struggler,7,q_0027,2,Array,1,True,0.3333333333333333,2.25,3.0,1,4,reinforce
s0075,struggler,8,q_0035,2,Stack,1,True,0.38461538461538464,2.0,3.0,1,3,reinforce
s0075,struggler,9,q_0026,2,Greedy,2,False,0.3333333333333333,2.0,3.0,1,3,reinforce
s0075,struggler,10,q_0029,2,Array,4,True,0.3157894736842105,1.8333333333333333,3.0,1,3,reinforce
s0075,struggler,11,q_0030,2,Array,1,True,0.35,2.0,2.857142857142857,3,2,reinforce
s0076,average,0,q_0006,1,Array,1,True,1.0,1.0,4.0,1,4,reinforce
s0076,average,1,q_0002,1,Array,1,True,1.0,3.0,3.5,5,3,level_up
s0076,average,2,q_0034,2,Two Pointers,1,True,1.0,3.0,3.6666666666666665,3,4,level_up
s0076,average,3,q_0047,3,Math,1,True,1.0,2.5,4.0,1,5,reinforce
s0076,average,4,q_0048,3,Stack,4,True,0.625,2.6,4.0,3,4,reinforce
s0076,average,5,q_0044,3,Bit Manipulation,2,True,0.6,3.0,4.166666666666667,5,5,level_up
s0076,average,6,q_0045,3,Array,1,True,0.6363636363636364,3.142857142857143,4.142857142857143,4,4,level_up
s0076,average,7,q_0050,3,Graph,2,True,0.6153846153846154,3.125,4.0,3,3,reinforce
s0076,average,8,q_0049,3,Geometry,1,True,0.6428571428571429,3.111111111111111,4.0,3,4,reinforce
s0076,average,9,q_0042,3,Dynamic Programming,4,True,0.5555555555555556,3.1,4.0,3,4,reinforce
s0076,average,10,q_0041,3,Memoization,1,True,0.5789473684210527,3.1818181818181817,4.0,4,4,level_up
s0076,average,11,q_0046,3,Queue,1,True,0.6,3.3333333333333335,4.0,5,4,level_up
s0076,average,12,q_0043,3,Recursion,1,True,0.6190476190476191,3.4615384615384617,4.0,5,4,level_up
s0077,advanced,0,q_0013,1,Two Pointers,1,True,1.0,5.0,3.0,5,3,level_up
s0077,advanced,1,q_0027,2,Array,1,True,1.0,4.5,4.0,4,5,level_up
s0077,advanced,2,q_0044,3,Bit Manipulation,1,True,1.0,4.666666666666667,4.333333333333333,5,5,level_up
s0077,advanced,3,q_0045,3,Array,1,True,1.0,4.75,4.25,5,4,level_up
s0077,advanced,4,q_0042,3,Dynamic Programming,1,True,1.0,4.8,4.4,5,5,level_up
s0077,advanced,5,q_0046,3,Queue,1,True,1.0,4.833333333333333,4.5,5,5,level_up
s0077,advanced,6,q_0049,3,Geometry,1,True,1.0,4.857142857142857,4.571428571428571,5,5,level_up
s0077,advanced,7,q_0048,3,Stack,1,True,1.0,4.875,4.25,5,2,level_up
s0077,advanced,8,q_0041,3,Memoization,1,True,1.0,4.888888888888889,4.111111111111111,5,3,level_up
s0077,advanced,9,q_0050,3,Graph,1,True,1.0,4.9,4.2,5,5,level_up
s0077,advanced,10,q_0043,3,Recursion,2,True,0.9166666666666666,4.909090909090909,4.181818181818182,5,4,level_up
s0077,advanced,11,q_0047,3,Math,1,True,0.9230769230769231,4.833333333333333,4.25,4,5,level_up
s0078,fast_improver,0,q_0011,1,Array,1,True,1.0,1.0,4.0,1,4,reinforce
s0078,fast_improver,1,q_0012,1,Hash Table,1,True,1.0,1.0,3.5,1,3,reinforce
s0078,fast_improver,2,q_0009,1,Array,1,True,1.0,1.6666666666666667,3.3333333333333335,3,3,level_up
s0078,fast_improver,3,q_0029,2,Array,3,False,0.5,1.6666666666666667,3.3333333333333335,3,3,reinforce
s0078,fast_improver,4,q_0034,2,Two Pointers,1,True,0.5714285714285714,2.0,3.5,3,4,reinforce
s0078,fast_improver,5,q_0039,2,Array,1,True,0.625,2.6,3.6,5,4,level_up
s0078,fast_improver,6,q_0050,3,Graph,1,True,0.6666666666666666,2.8333333333333335,3.8333333333333335,4,5,level_up
s0078,fast_improver,7,q_0048,3,Stack,1,True,0.7,3.142857142857143,4.0,5,5,level_up
s0078,fast_improver,8,q_0042,3,Dynamic Programming,1,True,0.7272727272727273,2.875,3.875,1,3,reinforce
s0078,fast_improver,9,q_0047,3,Math,1,True,0.75,3.0,3.888888888888889,4,4,level_up
s0078,fast_improver,10,q_0043,3,Recursion,1,True,0.7692307692307693,3.2,3.9,5,4,level_up
s0078,fast_improver,11,q_0046,3,Queue,1,True,0.7857142857142857,3.3636363636363638,3.909090909090909,5,4,level_up
s0078,fast_improver,12,q_0049,3,Geometry,1,True,0.8,3.5,3.8333333333333335,5,3,level_up
s0078,fast_improver,13,q_0044,3,Bit Manipulation,2,True,0.7647058823529411,3.6153846153846154,3.923076923076923,5,5,level_up
s0079,inconsistent,0,q_0003,1,Array,1,True,1.0,4.0,4.0,4,4,level_up
s0079,inconsistent,1,q_0025,2,Math,3,False,0.25,4.0,4.0,4,4,reinforce
s0079,inconsistent,2,q_0035,2,Stack,1,True,0.4,3.5,3.0,3,2,reinforce
s0079,inconsistent,3,q_0034,2,Two Pointers,1,True,0.5,4.0,3.6666666666666665,5,5,level_up
s0079,inconsistent,4,q_0047,3,Math,1,False,0.42857142857142855,4.0,3.6666666666666665,5,5,reinforce
s0079,inconsistent,5,q_0048,3,Stack,4,False,0.2727272727272727,4.0,3.6666666666666665,5,5,reinforce
s0079,inconsistent,6,q_0043,3,Recursion,4,False,0.2,4.0,3.6666666666666665,5,5,reinforce
s0079,inconsistent,7,q_0045,3,Array,4,True,0.21052631578947367,4.25,3.5,5,3,reinforce
s0079,inconsistent,8,q_0050,3,Graph,1,False,0.2,4.25,3.5,5,3,reinforce
s0079,inconsistent,9,q_0044,3,Bit Manipulation,4,False,0.16666666666666666,4.25,3.5,5,3,reinforce
s0079,inconsistent,10,q_0042,3,Dynamic Programming,1,True,0.2,4.0,3.8,3,5,reinforce
s0079,inconsistent,11,q_0046,3,Queue,1,True,0.23076923076923078,4.0,4.0,4,5,level_up
s0079,inconsistent,12,q_0041,3,Memoization,3,True,0.2413793103448276,4.142857142857143,3.857142857142857,5,3,reinforce
s0079,inconsistent,13,q_0049,3,Geometry,3,True,0.25,4.25,3.625,5,2,reinforce
s0080,struggler,0,q_0012,1,Hash Table,2,True,0.5,3.0,3.0,3,3,reinforce
s0080,struggler,1,q_0011,1,Array,2,True,0.5,4.0,2.5,5,2,level_up
s0080,struggler,2,q_0025,2,Math,2,False,0.3333333333333333,4.0,2.5,5,2,reinforce
s0080,struggler,3,q_0038,2,Union Find,1,True,0.42857142857142855,3.0,2.3333333333333335,1,2,reinforce
s0080,struggler,4,q_0023,2,Array,2,False,0.3333333333333333,3.0,2.3333333333333335,1,2,reinforce
s0080,struggler,5,q_0021,2,Array,2,True,0.36363636363636365,2.5,2.75,1,4,reinforce
s0080,struggler,6,q_0033,2,Tree,2,True,0.38461538461538464,2.8,3.2,4,5,level_up
s0080,struggler,7,q_0045,3,Array,4,False,0.29411764705882354,2.8,3.2,4,5,reinforce
s0080,struggler,8,q_0043,3,Recursion,2,True,0.3157894736842105,2.5,3.3333333333333335,1,4,reinforce
s0080,struggler,9,q_0042,3,Dynamic Programming,2,False,0.2857142857142857,2.5,3.3333333333333335,1,4,reinforce
s0080,struggler,10,q_0046,3,Queue,4,False,0.24,2.5,3.3333333333333335,1,4,reinforce
s0081,average,0,q_0006,1,Array,1,True,1.0,3.0,4.0,3,4,level_up
s0081,average,1,q_0034,2,Two Pointers,1,True,1.0,3.0,4.0,3,4,level_up
s0081,average,2,q_0041,3,Memoization,1,True,1.0,3.0,4.0,3,4,level_up
s0081,average,3,q_0049,3,Geometry,2,False,0.6,3.0,4.0,3,4,reinforce
s0081,average,4,q_0044,3,Bit Manipulation,4,False,0.3333333333333333,3.0,4.0,3,4,reinforce
s0081,average,5,q_0046,3,Queue,1,True,0.4,2.5,4.25,1,5,reinforce
s0081,average,6,q_0042,3,Dynamic Programming,1,False,0.36363636363636365,2.5,4.25,1,5,reinforce
s0081,average,7,q_0045,3,Array,1,True,0.4166666666666667,3.0,4.4,5,5,level_up
s0081,average,8,q_0043,3,Recursion,1,True,0.46153846153846156,3.1666666666666665,4.166666666666667,4,3,level_up
s0081,average,9,q_0047,3,Math,2,True,0.4666666666666667,3.4285714285714284,4.0,5,3,level_up
s0081,average,10,q_0050,3,Graph,1,True,0.5,3.625,4.0,5,4,level_up
s0081,average,11,q_0048,3,Stack,2,True,0.5,3.5555555555555554,3.888888888888889,3,3,reinforce
s0082,advanced,0,q_0019,1,Sorting,1,True,1.0,5.0,5.0,5,5,level_up
s0082,advanced,1,q_0021,2,Array,1,True,1.0,4.5,4.5,4,4,level_up
s0082,advanced,2,q_0043,3,Recursion,2,True,0.75,4.666666666666667,4.333333333333333,5,4,level_up
s0082,advanced,3,q_0041,3,Memoization,1,True,0.8,4.75,4.25,5,4,level_up
s0082,advanced,4,q_0045,3,Array,1,True,0.8333333333333334,4.8,4.2,5,4,level_up
s0082,advanced,5,q_0049,3,Geometry,1,True,0.8571428571428571,4.833333333333333,4.166666666666667,5,4,level_up
s0082,advanced,6,q_0046,3,Queue,2,False,0.6666666666666666,4.833333333333333,4.166666666666667,5,4,reinforce
s0082,advanced,7,q_0050,3,Graph,2,True,0.6363636363636364,4.714285714285714,4.0,4,3,level_up
s0082,advanced,8,q_0048,3,Stack,1,True,0.6666666666666666,4.625,4.0,4,4,level_up
s0082,advanced,9,q_0044,3,Bit Manipulation,1,True,0.6923076923076923,4.666666666666667,4.111111111111111,5,5,level_up
s0082,advanced,10,q_0042,3,Dynamic Programming,2,True,0.6666666666666666,4.7,4.0,5,3,level_up
s0082,advanced,11,q_0047,3,Math,1,True,0.6875,4.7272727272727275,4.090909090909091,5,5,level_up
s0083,fast_improver,0,q_0016,1,Array,1,True,1.0,1.0,4.0,1,4,reinforce
s0083,fast_improver,1,q_0010,1,Greedy,1,True,1.0,1.0,3.5,1,3,reinforce
s0083,fast_improver,2,q_0007,1,Array,1,True,1.0,1.0,3.0,1,2,reinforce
s0083,fast_improver,3,q_0006,1,Array,1,True,1.0,1.0,3.5,1,5,reinforce
s0083,fast_improver,4,q_0005,1,Stack,2,True,0.8333333333333334,1.8,3.4,5,3,level_up
s0083,fast_improver,5,q_0022,2,Array,2,True,0.75,1.6666666666666667,3.1666666666666665,1,2,reinforce
s0083,fast_improver,6,q_0029,2,Array,1,True,0.7777777777777778,1.8571428571428572,3.4285714285714284,3,5,level_up
s0083,fast_improver,7,q_0045,3,Array,1,True,0.8,2.25,3.625,5,5,level_up
s0083,fast_improver,8,q_0046,3,Queue,1,True,0.8181818181818182,2.4444444444444446,3.7777777777777777,4,5,level_up
s0083,fast_improver,9,q_0049,3,Geometry,1,True,0.8333333333333334,2.6,3.7,4,3,level_up
s0083,fast_improver,10,q_0042,3,Dynamic Programming,1,True,0.8461538461538461,2.8181818181818183,3.8181818181818183,5,5,level_up
s0083,fast_improver,11,q_0047,3,Math,1,True,0.8571428571428571,2.8333333333333335,3.9166666666666665,3,5,level_up
s0083,fast_improver,12,q_0043,3,Recursion,1,False,0.8,2.8333333333333335,3.9166666666666665,3,5,reinforce
s0083,fast_improver,13,q_0044,3,Bit Manipulation,1,True,0.8125,2.8461538461538463,4.0,3,5,level_up
s0083,fast_improver,14,q_0041,3,Memoization,1,True,0.8235294117647058,3.0,4.071428571428571,5,5,level_up
s0083,fast_improver,15,q_0048,3,Stack,1,True,0.8333333333333334,3.066666666666667,4.066666666666666,4,4,level_up
s0084,inconsistent,0,q_0004,1,String,2,True,0.5,1.0,4.0,1,4,reinforce
s0084,inconsistent,1,q_0001,1,Array,1,False,0.3333333333333333,1.0,4.0,1,4,reinforce
s0084,inconsistent,2,q_0020,1,Math,1,True,0.5,1.0,3.5,1,3,reinforce
s0084,inconsistent,3,q_0010,1,Greedy,1,True,0.6,1.0,3.0,1,2,reinforce
s0084,inconsistent,4,q_0003,1,Array,1,True,0.6666666666666666,1.0,3.0,1,3,reinforce
s0084,inconsistent,5,q_0011,1,Array,1,True,0.7142857142857143,1.4,3.2,3,4,reinforce
s0084,inconsistent,6,q_0017,1,Hash Table,1,True,0.75,1.3333333333333333,3.3333333333333335,1,4,reinforce
s0084,inconsistent,7,q_0014,1,Greedy,1,True,0.7777777777777778,1.5714285714285714,3.2857142857142856,3,3,level_up
s0084,inconsistent,8,q_0023,2,Array,1,True,0.8,1.5,3.125,1,2,reinforce
s0084,inconsistent,9,q_0034,2,Two Pointers,1,True,0.8181818181818182,1.6666666666666667,3.3333333333333335,3,5,level_up
s0084,inconsistent,10,q_0045,3,Array,2,True,0.7692307692307693,1.9,3.3,4,3,level_up
s0084,inconsistent,11,q_0049,3,Geometry,1,True,0.7857142857142857,2.1818181818181817,3.3636363636363638,5,4,level_up
s0085,struggler,0,q_0006,1,Array,1,False,0.0,3.0,3.0,3,3,reinforce
s0085,struggler,1,q_0003,1,Array,4,False,0.0,3.0,3.0,3,3,reinforce
s0085,struggler,2,q_0010,1,Greedy,2,False,0.0,3.0,3.0,3,3,reinforce
s0085,struggler,3,q_0016,1,Array,1,False,0.0,3.0,3.0,3,3,reinforce
s0085,struggler,4,q_0008,1,Math,1,True,0.1111111111111111,1.0,2.0,1,2,reinforce
s0085,struggler,5,q_0004,1,String,1,True,0.2,2.0,2.5,3,3,reinforce
s0085,struggler,6,q_0014,1,Greedy,1,True,0.2727272727272727,2.3333333333333335,2.6666666666666665,3,3,reinforce
s0085,struggler,7,q_0007,1,Array,1,True,0.3333333333333333,2.0,2.75,1,3,reinforce
s0085,struggler,8,q_0001,1,Array,1,True,0.38461538461538464,1.8,3.0,1,4,reinforce
s0085,struggler,9,q_0002,1,Array,1,True,0.42857142857142855,1.6666666666666667,3.0,1,3,reinforce
s0085,struggler,10,q_0020,1,Math,1,True,0.4666666666666667,1.5714285714285714,3.0,1,3,reinforce
s0085,struggler,11,q_0013,1,Two Pointers,1,True,0.5,1.5,2.875,1,2,reinforce
s0085,struggler,12,q_0018,1,Array,1,True,0.5294117647058824,1.4444444444444444,2.7777777777777777,1,2,reinforce
s0085,struggler,13,q_0019,1,Sorting,1,True,0.5555555555555556,1.4,2.9,1,4,reinforce
s0085,struggler,14,q_0009,1,Array,1,True,0.5789473684210527,1.3636363636363635,3.0,1,4,reinforce
s0086,average,0,q_0014,1,Greedy,1,True,1.0,3.0,2.0,3,2,level_up
s0086,average,1,q_0037,2,Array,1,True,1.0,2.0,3.0,1,4,reinforce
s0086,average,2,q_0032,2,Array,1,True,1.0,3.0,3.3333333333333335,5,4,level_up
s0086,average,3,q_0047,3,Math,3,False,0.5,3.0,3.3333333333333335,5,4,reinforce
s0086,average,4,q_0046,3,Queue,3,True,0.4444444444444444,2.5,3.75,1,5,reinforce
s0086,average,5,q_0043,3,Recursion,2,False,0.36363636363636365,2.5,3.75,1,5,reinforce
s0086,average,6,q_0050,3,Graph,1,True,0.4166666666666667,3.0,3.4,5,2,level_up
s0086,average,7,q_0042,3,Dynamic Programming,1,False,0.38461538461538464,3.0,3.4,5,2,reinforce
s0086,average,8,q_0048,3,Stack,1,True,0.42857142857142855,3.3333333333333335,3.3333333333333335,5,3,level_up
s0086,average,9,q_0045,3,Array,1,True,0.4666666666666667,3.2857142857142856,3.5714285714285716,3,5,reinforce
s0086,average,10,q_0049,3,Geometry,1,True,0.5,3.5,3.625,5,4,level_up
s0086,average,11,q_0041,3,Memoization,1,True,0.5294117647058824,3.5555555555555554,3.6666666666666665,4,4,level_up
s0087,advanced,0,q_0007,1,Array,1,True,1.0,3.0,5.0,3,5,level_up
s0087,advanced,1,q_0026,2,Greedy,1,True,1.0,4.0,5.0,5,5,level_up
s0087,advanced,2,q_0046,3,Queue,1,True,1.0,4.333333333333333,4.666666666666667,5,4,level_up
s0087,advanced,3,q_0041,3,Memoization,1,True,1.0,4.5,4.5,5,4,level_up
s0087,advanced,4,q_0044,3,Bit Manipulation,1,True,1.0,4.6,4.4,5,4,level_up
s0087,advanced,5,q_0050,3,Graph,1,True,1.0,4.666666666666667,4.5,5,5,level_up
s0087,advanced,6,q_0049,3,Geometry,2,True,0.875,4.714285714285714,4.428571428571429,5,4,level_up
s0087,advanced,7,q_0048,3,Stack,2,True,0.8,4.75,4.375,5,4,level_up
s0087,advanced,8,q_0042,3,Dynamic Programming,1,True,0.8181818181818182,4.777777777777778,4.444444444444445,5,5,level_up
s0087,advanced,9,q_0043,3,Recursion,1,True,0.8333333333333334,4.8,4.4,5,4,level_up
s0087,advanced,10,q_0047,3,Math,1,True,0.8461538461538461,4.818181818181818,4.454545454545454,5,5,level_up
s0087,advanced,11,q_0045,3,Array,1,True,0.8571428571428571,4.75,4.5,4,5,level_up
s0088,fast_improver,0,q_0009,1,Array,1,False,0.0,3.0,3.0,3,3,reinforce
s0088,fast_improver,1,q_0014,1,Greedy,1,False,0.0,3.0,3.0,3,3,reinforce
s0088,fast_improver,2,q_0006,1,Array,1,False,0.0,3.0,3.0,3,3,reinforce
s0088,fast_improver,3,q_0010,1,Greedy,1,True,0.25,4.0,2.0,4,2,level_up
s0088,fast_improver,4,q_0033,2,Tree,2,True,0.3333333333333333,2.5,3.0,1,4,reinforce
s0088,fast_improver,5,q_0030,2,Array,1,True,0.42857142857142855,2.6666666666666665,3.3333333333333335,3,4,reinforce
s0088,fast_improver,6,q_0021,2,Array,2,True,0.4444444444444444,3.0,3.75,4,5,level_up
s0088,fast_improver,7,q_0046,3,Queue,1,True,0.5,3.2,4.0,4,5,level_up
s0088,fast_improver,8,q_0044,3,Bit Manipulation,1,True,0.5454545454545454,2.8333333333333335,4.0,1,4,reinforce
s0088,fast_improver,9,q_0049,3,Geometry,1,True,0.5833333333333334,3.142857142857143,4.142857142857143,5,5,level_up
s0088,fast_improver,10,q_0045,3,Array,1,True,0.6153846153846154,3.375,4.25,5,5,level_up
s0088,fast_improver,11,q_0043,3,Recursion,1,True,0.6428571428571429,3.4444444444444446,4.111111111111111,4,3,level_up
s0088,fast_improver,12,q_0042,3,Dynamic Programming,1,True,0.6666666666666666,3.5,4.2,4,5,level_up
s0088,fast_improver,13,q_0048,3,Stack,1,True,0.6875,3.5454545454545454,4.2727272727272725,4,5,level_up
s0088,fast_improver,14,q_0050,3,Graph,1,True,0.7058823529411765,3.6666666666666665,4.25,5,4,level_up
s0088,fast_improver,15,q_0047,3,Math,1,True,0.7222222222222222,3.6923076923076925,4.3076923076923075,4,5,level_up
s0088,fast_improver,16,q_0041,3,Memoization,2,True,0.7,3.7857142857142856,4.357142857142857,5,5,level_up
s0089,inconsistent,0,q_0001,1,Array,2,True,0.5,5.0,4.0,5,4,level_up
s0089,inconsistent,1,q_0038,2,Union Find,1,True,0.6666666666666666,3.0,4.0,1,4,reinforce
s0089,inconsistent,2,q_0026,2,Greedy,1,True,0.75,3.6666666666666665,3.3333333333333335,5,2,level_up
s0089,inconsistent,3,q_0043,3,Recursion,1,True,0.8,3.0,3.75,1,5,reinforce
s0089,inconsistent,4,q_0048,3,Stack,1,True,0.8333333333333334,2.6,4.0,1,5,reinforce
s0089,inconsistent,5,q_0041,3,Memoization,1,False,0.7142857142857143,2.6,4.0,1,5,reinforce
s0089,inconsistent,6,q_0045,3,Array,1,True,0.75,3.0,4.0,5,4,level_up
s0089,inconsistent,7,q_0044,3,Bit Manipulation,2,True,0.7,3.0,4.142857142857143,3,5,reinforce
s0090,struggler,0,q_0015,1,String,1,True,1.0,1.0,3.0,1,3,reinforce
s0090,struggler,1,q_0011,1,Array,1,True,1.0,1.0,3.0,1,3,reinforce
s0090,struggler,2,q_0017,1,Hash Table,1,True,1.0,1.6666666666666667,3.0,3,3,level_up
s0090,struggler,3,q_0039,2,Array,2,False,0.6,1.6666666666666667,3.0,3,3,reinforce
s0090,struggler,4,q_0022,2,Array,1,True,0.6666666666666666,2.0,3.0,3,3,reinforce
s0090,struggler,5,q_0032,2,Array,2,True,0.625,2.2,3.0,3,3,reinforce
s0090,struggler,6,q_0021,2,Array,1,False,0.5555555555555556,2.2,3.0,3,3,reinforce
s0090,struggler,7,q_0030,2,Array,2,True,0.5454545454545454,2.3333333333333335,3.0,3,3,reinforce
s0090,struggler,8,q_0024,2,Array,3,True,0.5,2.142857142857143,3.0,1,3,reinforce
s0090,struggler,9,q_0034,2,Two Pointers,1,True,0.5333333333333333,2.0,3.125,1,4,reinforce
s0090,struggler,10,q_0029,2,Array,1,True,0.5625,2.111111111111111,3.111111111111111,3,3,reinforce
s0090,struggler,11,q_0036,2,Hash Table,1,True,0.5882352941176471,2.2,3.0,3,2,reinforce
s0090,struggler,12,q_0037,2,Array,2,True,0.5789473684210527,2.4545454545454546,3.0,5,3,level_up
s0090,struggler,13,q_0041,3,Memoization,1,False,0.55,2.4545454545454546,3.0,5,3,reinforce
s0090,struggler,14,q_0045,3,Array,2,True,0.5454545454545454,2.5833333333333335,3.0,4,3,level_up
s0090,struggler,15,q_0050,3,Graph,1,True,0.5652173913043478,2.4615384615384617,3.076923076923077,1,4,reinforce
s0090,struggler,16,q_0046,3,Queue,3,False,0.5,2.4615384615384617,3.076923076923077,1,4,reinforce
s0091,average,0,q_0012,1,Hash Table,1,True,1.0,4.0,5.0,4,5,level_up
s0091,average,1,q_0032,2,Array,1,False,0.5,4.0,5.0,4,5,reinforce
s0091,average,2,q_0028,2,Array,1,True,0.6666666666666666,2.5,4.5,1,4,reinforce
s0091,average,3,q_0038,2,Union Find,1,True,0.75,2.6666666666666665,4.333333333333333,3,4,level_up
s0091,average,4,q_0042,3,Dynamic Programming,1,True,0.8,3.0,4.5,4,5,level_up
s0091,average,5,q_0043,3,Recursion,1,True,0.8333333333333334,3.4,4.6,5,5,level_up
s0091,average,6,q_0047,3,Math,1,True,0.8571428571428571,3.0,4.666666666666667,1,5,reinforce
s0091,average,7,q_0048,3,Stack,3,True,0.7,3.2857142857142856,4.714285714285714,5,5,reinforce
s0091,average,8,q_0050,3,Graph,2,True,0.6666666666666666,3.25,4.75,3,5,reinforce
s0091,average,9,q_0044,3,Bit Manipulation,1,True,0.6923076923076923,3.4444444444444446,4.444444444444445,5,2,level_up
s0091,average,10,q_0045,3,Array,1,False,0.6428571428571429,3.4444444444444446,4.444444444444445,5,2,reinforce
s0091,average,11,q_0049,3,Geometry,1,True,0.6666666666666666,3.6,4.4,5,4,level_up
s0091,average,12,q_0041,3,Memoization,2,False,0.5882352941176471,3.6,4.4,5,4,reinforce
s0091,average,13,q_0046,3,Queue,2,False,0.5263157894736842,3.6,4.4,5,4,reinforce
s0092,advanced,0,q_0002,1,Array,1,True,1.0,5.0,5.0,5,5,level_up
s0092,advanced,1,q_0027,2,Array,1,True,1.0,4.5,5.0,4,5,level_up
s0092,advanced,2,q_0045,3,Array,1,True,1.0,4.666666666666667,5.0,5,5,level_up
s0092,advanced,3,q_0043,3,Recursion,1,True,1.0,4.5,4.75,4,4,level_up
s0092,advanced,4,q_0046,3,Queue,1,True,1.0,4.6,4.8,5,5,level_up
s0092,advanced,5,q_0044,3,Bit Manipulation,1,True,1.0,4.666666666666667,4.833333333333333,5,5,level_up
s0092,advanced,6,q_0048,3,Stack,2,False,0.75,4.666666666666667,4.833333333333333,5,5,reinforce
s0092,advanced,7,q_0050,3,Graph,1,True,0.7777777777777778,4.428571428571429,4.857142857142857,3,5,level_up
s0092,advanced,8,q_0047,3,Math,1,True,0.8,4.5,4.875,5,5,level_up
s0092,advanced,9,q_0041,3,Memoization,1,True,0.8181818181818182,4.555555555555555,4.888888888888889,5,5,level_up
s0092,advanced,10,q_0049,3,Geometry,1,True,0.8333333333333334,4.6,4.9,5,5,level_up
s0092,advanced,11,q_0042,3,Dynamic Programming,1,False,0.7692307692307693,4.6,4.9,5,5,reinforce
s0093,fast_improver,0,q_0003,1,Array,3,True,0.3333333333333333,1.0,3.0,1,3,reinforce
s0093,fast_improver,1,q_0015,1,String,1,True,0.5,2.0,3.5,3,4,reinforce
s0093,fast_improver,2,q_0016,1,Array,2,True,0.5,1.6666666666666667,3.6666666666666665,1,4,reinforce
s0093,fast_improver,3,q_0010,1,Greedy,2,True,0.5,1.5,3.5,1,3,reinforce
s0093,fast_improver,4,q_0007,1,Array,2,True,0.5,1.4,3.4,1,3,reinforce
s0093,fast_improver,5,q_0011,1,Array,1,True,0.5454545454545454,1.8333333333333333,3.6666666666666665,4,5,level_up
s0093,fast_improver,6,q_0028,2,Array,1,True,0.5833333333333334,2.2857142857142856,3.7142857142857144,5,4,level_up
s0093,fast_improver,7,q_0043,3,Recursion,1,False,0.5384615384615384,2.2857142857142856,3.7142857142857144,5,4,reinforce
s0093,fast_improver,8,q_0049,3,Geometry,1,True,0.5714285714285714,2.5,3.75,4,4,level_up
s0094,inconsistent,0,q_0012,1,Hash Table,1,False,0.0,3.0,3.0,3,3,reinforce
s0094,inconsistent,1,q_0018,1,Array,1,True,0.5,5.0,5.0,5,5,level_up
s0094,inconsistent,2,q_0023,2,Array,1,True,0.6666666666666666,5.0,4.5,5,4,level_up
s0094,inconsistent,3,q_0043,3,Recursion,1,True,0.75,4.666666666666667,3.6666666666666665,4,2,level_up
s0094,inconsistent,4,q_0046,3,Queue,2,True,0.6666666666666666,4.75,3.75,5,4,level_up
s0094,inconsistent,5,q_0048,3,Stack,1,False,0.5714285714285714,4.75,3.75,5,4,reinforce
s0094,inconsistent,6,q_0042,3,Dynamic Programming,1,True,0.625,4.0,3.8,1,4,reinforce
s0094,inconsistent,7,q_0041,3,Memoization,2,True,0.6,3.8333333333333335,3.6666666666666665,3,3,reinforce
s0094,inconsistent,8,q_0044,3,Bit Manipulation,1,True,0.6363636363636364,3.4285714285714284,3.5714285714285716,1,3,reinforce
s0094,inconsistent,9,q_0050,3,Graph,1,True,0.6666666666666666,3.625,3.625,5,4,level_up
s0094,inconsistent,10,q_0049,3,Geometry,1,True,0.6923076923076923,3.7777777777777777,3.4444444444444446,5,2,level_up
s0094,inconsistent,11,q_0047,3,Math,1,True,0.7142857142857143,3.9,3.3,5,2,level_up
s0094,inconsistent,12,q_0045,3,Array,2,True,0.6875,4.0,3.3636363636363638,5,4,level_up
s0095,struggler,0,q_0013,1,Two Pointers,2,True,0.5,1.0,2.0,1,2,reinforce
s0095,struggler,1,q_0003,1,Array,3,False,0.2,1.0,2.0,1,2,reinforce
s0095,struggler,2,q_0012,1,Hash Table,1,True,0.3333333333333333,2.0,2.5,3,3,reinforce
s0095,struggler,3,q_0009,1,Array,2,False,0.25,2.0,2.5,3,3,reinforce
s0095,struggler,4,q_0004,1,String,1,False,0.2222222222222222,2.0,2.5,3,3,reinforce
s0095,struggler,5,q_0001,1,Array,1,True,0.3,1.6666666666666667,2.6666666666666665,1,3,reinforce
s0095,struggler,6,q_0008,1,Math,3,False,0.23076923076923078,1.6666666666666667,2.6666666666666665,1,3,reinforce
s0095,struggler,7,q_0011,1,Array,2,True,0.26666666666666666,1.5,2.5,1,2,reinforce
s0095,struggler,8,q_0005,1,Stack,2,True,0.29411764705882354,1.4,2.6,1,3,reinforce
s0096,average,0,q_0017,1,Hash Table,1,True,1.0,4.0,2.0,4,2,level_up
s0096,average,1,q_0029,2,Array,1,True,1.0,2.5,3.0,1,4,reinforce
s0096,average,2,q_0024,2,Array,1,True,1.0,3.3333333333333335,3.0,5,3,level_up
s0096,average,3,q_0044,3,Bit Manipulation,2,True,0.8,3.5,3.5,4,5,level_up
s0096,average,4,q_0042,3,Dynamic Programming,3,True,0.625,3.8,3.6,5,4,reinforce
s0096,average,5,q_0043,3,Recursion,1,True,0.6666666666666666,4.0,3.6666666666666665,5,4,level_up
s0096,average,6,q_0047,3,Math,1,False,0.6,4.0,3.6666666666666665,5,4,reinforce
s0096,average,7,q_0050,3,Graph,2,False,0.5,4.0,3.6666666666666665,5,4,reinforce
s0096,average,8,q_0046,3,Queue,1,True,0.5384615384615384,4.0,3.857142857142857,4,5,level_up
s0096,average,9,q_0041,3,Memoization,1,True,0.5714285714285714,3.625,3.875,1,4,reinforce
s0096,average,10,q_0048,3,Stack,1,False,0.5333333333333333,3.625,3.875,1,4,reinforce
s0096,average,11,q_0049,3,Geometry,3,False,0.4444444444444444,3.625,3.875,1,4,reinforce
s0097,advanced,0,q_0015,1,String,1,True,1.0,3.0,4.0,3,4,level_up
s0097,advanced,1,q_0033,2,Tree,3,False,0.25,3.0,4.0,3,4,reinforce
s0097,advanced,2,q_0036,2,Hash Table,1,True,0.4,4.0,4.0,5,4,level_up
s0097,advanced,3,q_0049,3,Geometry,1,True,0.5,4.333333333333333,4.0,5,4,level_up
s0097,advanced,4,q_0050,3,Graph,3,True,0.4444444444444444,4.25,4.0,4,4,reinforce
s0097,advanced,5,q_0048,3,Stack,3,True,0.4166666666666667,4.4,4.0,5,4,reinforce
s0097,advanced,6,q_0041,3,Memoization,1,True,0.46153846153846156,4.5,4.0,5,4,level_up
s0097,advanced,7,q_0043,3,Recursion,1,True,0.5,4.285714285714286,4.0,3,4,reinforce
s0097,advanced,8,q_0044,3,Bit Manipulation,1,False,0.4666666666666667,4.285714285714286,4.0,3,4,reinforce
s0097,advanced,9,q_0047,3,Math,1,True,0.5,4.375,4.0,5,4,level_up
s0097,advanced,10,q_0045,3,Array,1,True,0.5294117647058824,4.333333333333333,4.0,4,4,level_up
s0097,advanced,11,q_0042,3,Dynamic Programming,1,True,0.5555555555555556,4.3,4.1,4,5,level_up
s0097,advanced,12,q_0046,3,Queue,1,True,0.5789473684210527,4.363636363636363,4.0,5,3,level_up
s0098,fast_improver,0,q_0018,1,Array,1,True,1.0,1.0,2.0,1,2,reinforce
s0098,fast_improver,1,q_0001,1,Array,1,True,1.0,1.0,3.0,1,4,reinforce
s0098,fast_improver,2,q_0010,1,Greedy,1,True,1.0,1.6666666666666667,3.6666666666666665,3,5,level_up
s0098,fast_improver,3,q_0023,2,Array,1,False,0.75,1.6666666666666667,3.6666666666666665,3,5,reinforce
s0098,fast_improver,4,q_0032,2,Array,1,True,0.8,2.5,4.0,5,5,level_up
s0098,fast_improver,5,q_0046,3,Queue,2,True,0.7142857142857143,2.6,4.0,3,4,reinforce
s0098,fast_improver,6,q_0050,3,Graph,1,True,0.75,3.0,4.0,5,4,level_up
s0098,fast_improver,7,q_0044,3,Bit Manipulation,1,True,0.7777777777777778,3.2857142857142856,3.7142857142857144,5,2,level_up
s0098,fast_improver,8,q_0043,3,Recursion,2,True,0.7272727272727273,3.25,3.75,3,4,reinforce
s0099,inconsistent,0,q_0011,1,Array,1,True,1.0,1.0,3.0,1,3,reinforce
s0099,inconsistent,1,q_0007,1,Array,1,True,1.0,2.0,3.0,3,3,level_up
s0099,inconsistent,2,q_0026,2,Greedy,1,True,1.0,2.3333333333333335,3.0,3,3,level_up
s0099,inconsistent,3,q_0048,3,Stack,1,False,0.75,2.3333333333333335,3.0,3,3,reinforce
s0099,inconsistent,4,q_0043,3,Recursion,2,True,0.6666666666666666,3.0,3.5,5,5,level_up
s0099,inconsistent,5,q_0049,3,Geometry,4,True,0.5,3.2,3.2,4,2,reinforce
s0099,inconsistent,6,q_0042,3,Dynamic Programming,1,False,0.45454545454545453,3.2,3.2,4,2,reinforce
s0099,inconsistent,7,q_0041,3,Memoization,3,False,0.35714285714285715,3.2,3.2,4,2,reinforce
s0099,inconsistent,8,q_0047,3,Math,3,False,0.29411764705882354,3.2,3.2,4,2,reinforce
s0099,inconsistent,9,q_0046,3,Queue,2,False,0.2631578947368421,3.2,3.2,4,2,reinforce
s0099,inconsistent,10,q_0045,3,Array,1,True,0.3,3.3333333333333335,3.0,4,2,level_up
s0099,inconsistent,11,q_0050,3,Graph,2,True,0.3181818181818182,3.5714285714285716,3.2857142857142856,5,5,level_up
s0100,struggler,0,q_0006,1,Array,2,True,0.5,1.0,3.0,1,3,reinforce
s0100,struggler,1,q_0013,1,Two Pointers,1,False,0.3333333333333333,1.0,3.0,1,3,reinforce
s0100,struggler,2,q_0009,1,Array,2,True,0.4,1.0,3.0,1,3,reinforce
s0100,struggler,3,q_0010,1,Greedy,2,True,0.42857142857142855,1.0,2.6666666666666665,1,2,reinforce
s0100,struggler,4,q_0003,1,Array,2,True,0.4444444444444444,1.5,2.5,3,2,reinforce
s0100,struggler,5,q_0001,1,Array,2,True,0.45454545454545453,1.4,2.6,1,3,reinforce
s0100,struggler,6,q_0014,1,Greedy,1,True,0.5,1.6666666666666667,2.5,3,2,reinforce
s0100,struggler,7,q_0015,1,String,1,True,0.5384615384615384,1.5714285714285714,2.857142857142857,1,5,reinforce
s0100,struggler,8,q_0007,1,Array,1,True,0.5714285714285714,1.5,2.75,1,2,reinforce
s0101,average,0,q_0013,1,Two Pointers,2,True,0.5,4.0,3.0,4,3,level_up
s0101,average,1,q_0029,2,Array,1,True,0.6666666666666666,2.5,4.0,1,5,reinforce
s0101,average,2,q_0033,2,Tree,1,True,0.75,3.3333333333333335,3.6666666666666665,5,3,level_up
s0101,average,3,q_0045,3,Array,2,False,0.5,3.3333333333333335,3.6666666666666665,5,3,reinforce
s0101,average,4,q_0050,3,Graph,2,True,0.5,3.75,3.5,5,3,level_up
s0101,average,5,q_0047,3,Math,1,False,0.4444444444444444,3.75,3.5,5,3,reinforce
s0101,average,6,q_0043,3,Recursion,2,True,0.45454545454545453,3.2,3.6,1,4,reinforce
s0101,average,7,q_0041,3,Memoization,1,True,0.5,2.8333333333333335,3.6666666666666665,1,4,reinforce
s0101,average,8,q_0048,3,Stack,1,False,0.46153846153846156,2.8333333333333335,3.6666666666666665,1,4,reinforce
s0101,average,9,q_0044,3,Bit Manipulation,1,True,0.5,3.0,3.5714285714285716,4,3,level_up
s0101,average,10,q_0049,3,Geometry,3,True,0.47058823529411764,3.25,3.75,5,5,reinforce
s0101,average,11,q_0046,3,Queue,2,True,0.47368421052631576,3.4444444444444446,3.888888888888889,5,5,level_up
s0101,average,12,q_0042,3,Dynamic Programming,2,True,0.47619047619047616,3.5,3.9,4,4,level_up
s0102,advanced,0,q_0013,1,Two Pointers,1,True,1.0,5.0,5.0,5,5,level_up
s0102,advanced,1,q_0022,2,Array,1,True,1.0,5.0,5.0,5,5,level_up
s0102,advanced,2,q_0049,3,Geometry,1,True,1.0,5.0,5.0,5,5,level_up
s0102,advanced,3,q_0048,3,Stack,1,True,1.0,5.0,5.0,5,5,level_up
s0102,advanced,4,q_0043,3,Recursion,1,True,1.0,5.0,5.0,5,5,level_up
s0102,advanced,5,q_0042,3,Dynamic Programming,1,True,1.0,5.0,5.0,5,5,level_up
s0102,advanced,6,q_0050,3,Graph,1,True,1.0,4.857142857142857,5.0,4,5,level_up
s0102,advanced,7,q_0045,3,Array,2,True,0.8888888888888888,4.75,5.0,4,5,level_up
s0102,advanced,8,q_0047,3,Math,1,True,0.9,4.777777777777778,5.0,5,5,level_up
s0102,advanced,9,q_0044,3,Bit Manipulation,1,True,0.9090909090909091,4.7,4.9,4,4,level_up
s0102,advanced,10,q_0041,3,Memoization,1,True,0.9166666666666666,4.7272727272727275,4.818181818181818,5,4,level_up
s0103,fast_improver,0,q_0013,1,Two Pointers,2,True,0.5,1.0,2.0,1,2,reinforce
s0103,fast_improver,1,q_0003,1,Array,1,False,0.3333333333333333,1.0,2.0,1,2,reinforce
s0103,fast_improver,2,q_0015,1,String,2,True,0.4,1.0,2.5,1,3,reinforce
s0103,fast_improver,3,q_0020,1,Math,1,True,0.5,2.0,3.3333333333333335,4,5,level_up
s0103,fast_improver,4,q_0026,2,Greedy,1,True,0.5714285714285714,2.75,3.25,5,3,level_up
s0103,fast_improver,5,q_0048,3,Stack,1,True,0.625,2.4,3.4,1,4,reinforce
s0103,fast_improver,6,q_0050,3,Graph,1,False,0.5555555555555556,2.4,3.4,1,4,reinforce
s0103,fast_improver,7,q_0042,3,Dynamic Programming,1,True,0.6,2.8333333333333335,3.6666666666666665,5,5,level_up
s0103,fast_improver,8,q_0047,3,Math,1,True,0.6363636363636364,3.142857142857143,3.7142857142857144,5,4,level_up
s0104,inconsistent,0,q_0003,1,Array,1,True,1.0,4.0,3.0,4,3,level_up
s0104,inconsistent,1,q_0029,2,Array,1,True,1.0,4.5,3.5,5,4,level_up
s0104,inconsistent,2,q_0050,3,Graph,1,True,1.0,4.666666666666667,3.6666666666666665,5,4,level_up
s0104,inconsistent,3,q_0042,3,Dynamic Programming,2,False,0.6,4.666666666666667,3.6666666666666665,5,4,reinforce
s0104,inconsistent,4,q_0044,3,Bit Manipulation,1,True,0.6666666666666666,4.25,3.75,3,4,reinforce
s0104,inconsistent,5,q_0049,3,Geometry,1,False,0.5714285714285714,4.25,3.75,3,4,reinforce
s0104,inconsistent,6,q_0043,3,Recursion,1,False,0.5,4.25,3.75,3,4,reinforce
s0104,inconsistent,7,q_0047,3,Math,1,True,0.5555555555555556,4.4,3.8,5,4,level_up
s0104,inconsistent,8,q_0046,3,Queue,2,False,0.45454545454545453,4.4,3.8,5,4,reinforce
s0104,inconsistent,9,q_0048,3,Stack,1,False,0.4166666666666667,4.4,3.8,5,4,reinforce
s0105,struggler,0,q_0010,1,Greedy,1,True,1.0,1.0,3.0,1,3,reinforce
s0105,struggler,1,q_0016,1,Array,2,True,0.6666666666666666,2.0,3.0,3,3,reinforce
s0105,struggler,2,q_0014,1,Greedy,3,True,0.5,2.3333333333333335,3.3333333333333335,3,4,reinforce
s0105,struggler,3,q_0004,1,String,1,True,0.5714285714285714,2.5,3.75,3,5,reinforce
s0105,struggler,4,q_0018,1,Array,1,True,0.625,2.6,3.6,3,3,reinforce
s0105,struggler,5,q_0002,1,Array,2,True,0.6,2.8333333333333335,3.6666666666666665,4,4,level_up
s0105,struggler,6,q_0027,2,Array,3,True,0.5384615384615384,3.142857142857143,3.4285714285714284,5,2,reinforce
s0105,struggler,7,q_0038,2,Union Find,1,True,0.5714285714285714,3.25,3.25,4,2,level_up
s0105,struggler,8,q_0049,3,Geometry,2,False,0.5,3.25,3.25,4,2,reinforce
s0105,struggler,9,q_0045,3,Array,1,False,0.47058823529411764,3.25,3.25,4,2,reinforce
s0105,struggler,10,q_0043,3,Recursion,1,True,0.5,3.4444444444444446,3.111111111111111,5,2,level_up
s0105,struggler,11,q_0048,3,Stack,4,False,0.4090909090909091,3.4444444444444446,3.111111111111111,5,2,reinforce
s0105,struggler,12,q_0046,3,Queue,1,False,0.391304347826087,3.4444444444444446,3.111111111111111,5,2,reinforce
s0105,struggler,13,q_0044,3,Bit Manipulation,4,True,0.37037037037037035,3.2,3.1,1,3,reinforce
s0106,average,0,q_0003,1,Array,1,True,1.0,4.0,2.0,4,2,level_up
s0106,average,1,q_0026,2,Greedy,2,True,0.6666666666666666,3.5,2.5,3,3,reinforce
s0106,average,2,q_0030,2,Array,1,True,0.75,4.0,3.3333333333333335,5,5,level_up
s0106,average,3,q_0042,3,Dynamic Programming,1,False,0.6,4.0,3.3333333333333335,5,5,reinforce
s0106,average,4,q_0048,3,Stack,1,True,0.6666666666666666,4.0,3.5,4,4,level_up
s0106,average,5,q_0050,3,Graph,1,True,0.7142857142857143,4.2,3.2,5,2,level_up
s0106,average,6,q_0047,3,Math,1,False,0.625,4.2,3.2,5,2,reinforce
s0106,average,7,q_0046,3,Queue,1,True,0.6666666666666666,4.166666666666667,3.3333333333333335,4,4,level_up
s0106,average,8,q_0041,3,Memoization,1,False,0.6,4.166666666666667,3.3333333333333335,4,4,reinforce
s0106,average,9,q_0049,3,Geometry,3,False,0.46153846153846156,4.166666666666667,3.3333333333333335,4,4,reinforce
s0107,advanced,0,q_0014,1,Greedy,1,True,1.0,5.0,5.0,5,5,level_up
s0107,advanced,1,q_0033,2,Tree,3,True,0.5,5.0,5.0,5,5,reinforce
s0107,advanced,2,q_0036,2,Hash Table,1,True,0.6,3.6666666666666665,5.0,1,5,reinforce
s0107,advanced,3,q_0029,2,Array,1,True,0.6666666666666666,4.0,4.75,5,4,level_up
s0107,advanced,4,q_0046,3,Queue,1,True,0.7142857142857143,4.0,4.6,4,4,level_up
s0107,advanced,5,q_0050,3,Graph,1,True,0.75,3.8333333333333335,4.5,3,4,level_up
s0107,advanced,6,q_0044,3,Bit Manipulation,1,True,0.7777777777777778,4.0,4.428571428571429,5,4,level_up
s0107,advanced,7,q_0048,3,Stack,2,True,0.7272727272727273,4.125,4.25,5,3,level_up
s0107,advanced,8,q_0041,3,Memoization,1,True,0.75,4.222222222222222,4.222222222222222,5,4,level_up
s0107,advanced,9,q_0042,3,Dynamic Programming,1,True,0.7692307692307693,3.9,4.2,1,4,reinforce
s0107,advanced,10,q_0049,3,Geometry,1,True,0.7857142857142857,4.0,4.181818181818182,5,4,level_up
s0108,fast_improver,0,q_0008,1,Math,1,True,1.0,4.0,3.0,4,3,level_up
s0108,fast_improver,1,q_0025,2,Math,1,True,1.0,3.5,3.5,3,4,level_up
s0108,fast_improver,2,q_0041,3,Memoization,2,True,0.75,2.6666666666666665,3.6666666666666665,1,4,reinforce
s0108,fast_improver,3,q_0042,3,Dynamic Programming,1,True,0.8,3.25,3.5,5,3,level_up
s0108,fast_improver,4,q_0048,3,Stack,3,False,0.5,3.25,3.5,5,3,reinforce
s0108,fast_improver,5,q_0050,3,Graph,2,False,0.4,3.25,3.5,5,3,reinforce
s0108,fast_improver,6,q_0044,3,Bit Manipulation,2,True,0.4166666666666667,3.6,3.4,5,3,level_up
s0108,fast_improver,7,q_0047,3,Math,1,True,0.46153846153846156,3.5,3.6666666666666665,3,5,reinforce
s0108,fast_improver,8,q_0043,3,Recursion,1,True,0.5,3.7142857142857144,3.857142857142857,5,5,level_up
s0108,fast_improver,9,q_0045,3,Array,1,False,0.4666666666666667,3.7142857142857144,3.857142857142857,5,5,reinforce
s0108,fast_improver,10,q_0049,3,Geometry,1,False,0.4375,3.7142857142857144,3.857142857142857,5,5,reinforce
s0108,fast_improver,11,q_0046,3,Queue,2,True,0.4444444444444444,3.875,4.0,5,5,level_up
s0109,inconsistent,0,q_0017,1,Hash Table,1,True,1.0,3.0,2.0,3,2,level_up
s0109,inconsistent,1,q_0024,2,Array,1,True,1.0,2.0,2.5,1,3,reinforce
s0109,inconsistent,2,q_0031,2,Greedy,1,True,1.0,1.6666666666666667,3.0,1,4,reinforce
s0109,inconsistent,3,q_0030,2,Array,1,True,1.0,2.25,2.75,4,2,level_up
s0109,inconsistent,4,q_0045,3,Array,1,True,1.0,2.0,3.2,1,5,reinforce
s0109,inconsistent,5,q_0049,3,Geometry,2,False,0.7142857142857143,2.0,3.2,1,5,reinforce
s0109,inconsistent,6,q_0047,3,Math,3,False,0.5,2.0,3.2,1,5,reinforce
s0109,inconsistent,7,q_0041,3,Memoization,1,True,0.5454545454545454,2.3333333333333335,3.3333333333333335,4,4,level_up
s0109,inconsistent,8,q_0043,3,Recursion,1,False,0.5,2.3333333333333335,3.3333333333333335,4,4,reinforce
s0109,inconsistent,9,q_0042,3,Dynamic Programming,3,False,0.4,2.3333333333333335,3.3333333333333335,4,4,reinforce
s0109,inconsistent,10,q_0046,3,Queue,1,True,0.4375,2.7142857142857144,3.5714285714285716,5,5,level_up
s0109,inconsistent,11,q_0048,3,Stack,1,True,0.47058823529411764,2.5,3.375,1,2,reinforce
s0109,inconsistent,12,q_0050,3,Graph,1,False,0.4444444444444444,2.5,3.375,1,2,reinforce
s0109,inconsistent,13,q_0044,3,Bit Manipulation,2,True,0.45,2.5555555555555554,3.5555555555555554,3,5,reinforce
s0110,struggler,0,q_0012,1,Hash Table,1,True,1.0,3.0,4.0,3,4,level_up
s0110,struggler,1,q_0026,2,Greedy,1,True,1.0,3.0,4.0,3,4,level_up
s0110,struggler,2,q_0050,3,Graph,3,False,0.4,3.0,4.0,3,4,reinforce
s0110,struggler,3,q_0045,3,Array,4,False,0.2222222222222222,3.0,4.0,3,4,reinforce
s0110,struggler,4,q_0041,3,Memoization,3,False,0.16666666666666666,3.0,4.0,3,4,reinforce
s0110,struggler,5,q_0046,3,Queue,3,True,0.2,3.0,3.6666666666666665,3,3,reinforce
s0110,struggler,6,q_0042,3,Dynamic Programming,2,False,0.17647058823529413,3.0,3.6666666666666665,3,3,reinforce
s0110,struggler,7,q_0044,3,Bit Manipulation,2,False,0.15789473684210525,3.0,3.6666666666666665,3,3,reinforce
s0110,struggler,8,q_0043,3,Recursion,3,False,0.13636363636363635,3.0,3.6666666666666665,3,3,reinforce
s0110,struggler,9,q_0049,3,Geometry,1,False,0.13043478260869565,3.0,3.6666666666666665,3,3,reinforce
s0110,struggler,10,q_0047,3,Math,2,False,0.12,3.0,3.6666666666666665,3,3,reinforce
s0110,struggler,11,q_0048,3,Stack,1,False,0.11538461538461539,3.0,3.6666666666666665,3,3,reinforce
s0111,average,0,q_0018,1,Array,1,True,1.0,3.0,3.0,3,3,level_up
s0111,average,1,q_0035,2,Stack,2,True,0.6666666666666666,2.0,4.0,1,5,reinforce
s0111,average,2,q_0027,2,Array,1,True,0.75,1.6666666666666667,4.0,1,4,reinforce
s0111,average,3,q_0028,2,Array,3,False,0.42857142857142855,1.6666666666666667,4.0,1,4,reinforce
s0111,average,4,q_0036,2,Hash Table,1,True,0.5,2.5,4.0,5,4,level_up
s0111,average,5,q_0050,3,Graph,1,False,0.4444444444444444,2.5,4.0,5,4,reinforce
s0111,average,6,q_0044,3,Bit Manipulation,4,True,0.38461538461538464,2.8,3.6,4,2,reinforce
s0111,average,7,q_0046,3,Queue,1,True,0.42857142857142855,3.1666666666666665,3.8333333333333335,5,5,level_up
s0111,average,8,q_0048,3,Stack,2,True,0.4375,3.142857142857143,3.7142857142857144,3,3,reinforce
s0111,average,9,q_0042,3,Dynamic Programming,1,True,0.47058823529411764,3.125,3.875,3,5,reinforce
s0111,average,10,q_0043,3,Recursion,1,False,0.4444444444444444,3.125,3.875,3,5,reinforce
s0111,average,11,q_0045,3,Array,1,True,0.47368421052631576,3.3333333333333335,3.888888888888889,5,4,level_up
s0111,average,12,q_0047,3,Math,1,True,0.5,3.4,3.8,4,3,level_up
s0111,average,13,q_0041,3,Memoization,1,True,0.5238095238095238,3.5454545454545454,3.727272727272727,5,3,level_up
s0111,average,14,q_0049,3,Geometry,1,True,0.5454545454545454,3.6666666666666665,3.8333333333333335,5,5,level_up
s0112,advanced,0,q_0015,1,String,1,True,1.0,5.0,5.0,5,5,level_up
s0112,advanced,1,q_0026,2,Greedy,1,True,1.0,4.5,4.5,4,4,level_up
s0112,advanced,2,q_0042,3,Dynamic Programming,1,True,1.0,4.666666666666667,4.666666666666667,5,5,level_up
s0112,advanced,3,q_0045,3,Array,2,True,0.8,4.75,4.75,5,5,level_up
s0112,advanced,4,q_0044,3,Bit Manipulation,2,True,0.7142857142857143,4.8,4.8,5,5,level_up
s0112,advanced,5,q_0048,3,Stack,3,True,0.6,4.833333333333333,4.666666666666667,5,4,reinforce
s0112,advanced,6,q_0049,3,Geometry,2,True,0.5833333333333334,4.857142857142857,4.571428571428571,5,4,level_up
s0112,advanced,7,q_0043,3,Recursion,1,False,0.5384615384615384,4.857142857142857,4.571428571428571,5,4,reinforce
s0112,advanced,8,q_0041,3,Memoization,1,True,0.5714285714285714,4.875,4.625,5,5,level_up
s0112,advanced,9,q_0046,3,Queue,3,True,0.5294117647058824,4.666666666666667,4.555555555555555,3,4,reinforce
s0112,advanced,10,q_0047,3,Math,1,True,0.5555555555555556,4.7,4.5,5,4,level_up
s0112,advanced,11,q_0050,3,Graph,4,True,0.5,4.7272727272727275,4.363636363636363,5,3,reinforce
s0113,fast_improver,0,q_0018,1,Array,1,True,1.0,1.0,3.0,1,3,reinforce
s0113,fast_improver,1,q_0003,1,Array,1,True,1.0,1.0,3.0,1,3,reinforce
s0113,fast_improver,2,q_0009,1,Array,1,True,1.0,1.6666666666666667,2.6666666666666665,3,2,level_up
s0113,fast_improver,3,q_0031,2,Greedy,2,True,0.8,1.5,3.25,1,5,reinforce
s0113,fast_improver,4,q_0026,2,Greedy,2,True,0.7142857142857143,2.2,3.4,5,4,level_up
s0113,fast_improver,5,q_0047,3,Math,1,True,0.75,2.6666666666666665,3.3333333333333335,5,3,level_up
s0113,fast_improver,6,q_0050,3,Graph,1,True,0.7777777777777778,2.4285714285714284,3.142857142857143,1,2,reinforce
s0113,fast_improver,7,q_0049,3,Geometry,1,False,0.7,2.4285714285714284,3.142857142857143,1,2,reinforce
s0113,fast_improver,8,q_0042,3,Dynamic Programming,3,True,0.6153846153846154,2.75,3.375,5,5,reinforce
s0113,fast_improver,9,q_0044,3,Bit Manipulation,1,True,0.6428571428571429,3.0,3.5555555555555554,5,5,level_up
s0113,fast_improver,10,q_0046,3,Queue,1,True,0.6666666666666666,2.8,3.6,1,4,reinforce
s0113,fast_improver,11,q_0045,3,Array,1,True,0.6875,3.0,3.6363636363636362,5,4,level_up
s0113,fast_improver,12,q_0048,3,Stack,1,True,0.7058823529411765,2.8333333333333335,3.75,1,5,reinforce
s0113,fast_improver,13,q_0043,3,Recursion,1,True,0.7222222222222222,3.0,3.6923076923076925,5,3,level_up
s0113,fast_improver,14,q_0041,3,Memoization,1,True,0.7368421052631579,3.142857142857143,3.7857142857142856,5,5,level_up
s0114,inconsistent,0,q_0017,1,Hash Table,1,True,1.0,1.0,2.0,1,2,reinforce
s0114,inconsistent,1,q_0010,1,Greedy,3,False,0.25,1.0,2.0,1,2,reinforce
s0114,inconsistent,2,q_0003,1,Array,1,True,0.4,1.0,3.5,1,5,reinforce
s0114,inconsistent,3,q_0020,1,Math,1,True,0.5,2.0,3.3333333333333335,4,3,level_up
s0114,inconsistent,4,q_0040,2,Array,1,True,0.5714285714285714,2.25,3.0,3,2,reinforce
s0114,inconsistent,5,q_0022,2,Array,1,True,0.625,2.6,3.2,4,4,level_up
s0114,inconsistent,6,q_0045,3,Array,1,True,0.6666666666666666,2.3333333333333335,3.3333333333333335,1,4,reinforce
s0114,inconsistent,7,q_0042,3,Dynamic Programming,4,False,0.46153846153846156,2.3333333333333335,3.3333333333333335,1,4,reinforce
s0114,inconsistent,8,q_0049,3,Geometry,1,False,0.42857142857142855,2.3333333333333335,3.3333333333333335,1,4,reinforce
s0114,inconsistent,9,q_0044,3,Bit Manipulation,2,True,0.4375,2.7142857142857144,3.5714285714285716,5,5,level_up
s0114,inconsistent,10,q_0043,3,Recursion,1,True,0.47058823529411764,3.0,3.75,5,5,level_up
s0114,inconsistent,11,q_0041,3,Memoization,1,True,0.5,3.0,3.7777777777777777,3,4,reinforce
s0114,inconsistent,12,q_0048,3,Stack,3,True,0.47619047619047616,3.1,3.8,4,4,reinforce
s0114,inconsistent,13,q_0046,3,Queue,1,True,0.5,3.090909090909091,3.8181818181818183,3,4,reinforce
s0114,inconsistent,14,q_0050,3,Graph,1,True,0.5217391304347826,3.25,3.8333333333333335,5,4,level_up
s0115,struggler,0,q_0007,1,Array,3,True,0.3333333333333333,3.0,4.0,3,4,reinforce
s0115,struggler,1,q_0020,1,Math,1,True,0.5,3.0,3.5,3,3,reinforce
s0115,struggler,2,q_0014,1,Greedy,2,True,0.5,3.6666666666666665,3.3333333333333335,5,3,level_up
s0115,struggler,3,q_0040,2,Array,1,True,0.5714285714285714,3.0,3.5,1,4,reinforce
s0115,struggler,4,q_0037,2,Array,3,True,0.5,2.6,3.6,1,4,reinforce
s0115,struggler,5,q_0028,2,Array,3,True,0.46153846153846156,2.8333333333333335,3.6666666666666665,4,4,reinforce
s0115,struggler,6,q_0029,2,Array,2,False,0.4,2.8333333333333335,3.6666666666666665,4,4,reinforce
s0115,struggler,7,q_0035,2,Stack,1,False,0.375,2.8333333333333335,3.6666666666666665,4,4,reinforce
s0115,struggler,8,q_0034,2,Two Pointers,4,True,0.35,2.5714285714285716,3.5714285714285716,1,3,reinforce
s0115,struggler,9,q_0036,2,Hash Table,1,False,0.3333333333333333,2.5714285714285716,3.5714285714285716,1,3,reinforce
s0116,average,0,q_0001,1,Array,1,True,1.0,1.0,4.0,1,4,reinforce
s0116,average,1,q_0010,1,Greedy,1,True,1.0,3.0,4.0,5,4,level_up
s0116,average,2,q_0037,2,Array,1,True,1.0,3.6666666666666665,4.333333333333333,5,5,level_up
s0116,average,3,q_0046,3,Queue,2,False,0.6,3.6666666666666665,4.333333333333333,5,5,reinforce
s0116,average,4,q_0044,3,Bit Manipulation,2,False,0.42857142857142855,3.6666666666666665,4.333333333333333,5,5,reinforce
s0116,average,5,q_0048,3,Stack,2,False,0.3333333333333333,3.6666666666666665,4.333333333333333,5,5,reinforce
s0116,average,6,q_0045,3,Array,2,False,0.2727272727272727,3.6666666666666665,4.333333333333333,5,5,reinforce
s0116,average,7,q_0042,3,Dynamic Programming,4,True,0.26666666666666666,3.5,3.75,3,2,reinforce
s0116,average,8,q_0047,3,Math,1,True,0.3125,3.6,3.4,4,2,level_up
s0116,average,9,q_0050,3,Graph,1,False,0.29411764705882354,3.6,3.4,4,2,reinforce
s0116,average,10,q_0049,3,Geometry,3,True,0.3,3.8333333333333335,3.6666666666666665,5,5,reinforce
s0116,average,11,q_0043,3,Recursion,1,True,0.3333333333333333,3.7142857142857144,3.7142857142857144,3,4,reinforce
s0116,average,12,q_0041,3,Memoization,1,True,0.36363636363636365,3.375,3.75,1,4,reinforce
s0117,advanced,0,q_0018,1,Array,1,True,1.0,4.0,4.0,4,4,level_up
s0117,advanced,1,q_0033,2,Tree,1,True,1.0,4.5,4.5,5,5,level_up
s0117,advanced,2,q_0049,3,Geometry,1,True,1.0,4.333333333333333,4.666666666666667,4,5,level_up
s0117,advanced,3,q_0047,3,Math,3,True,0.6666666666666666,4.5,4.75,5,5,reinforce
s0117,advanced,4,q_0045,3,Array,2,True,0.625,4.6,4.4,5,3,level_up
s0117,advanced,5,q_0043,3,Recursion,2,True,0.6,4.666666666666667,4.5,5,5,level_up
s0117,advanced,6,q_0050,3,Graph,1,True,0.6363636363636364,4.428571428571429,4.428571428571429,3,4,reinforce
s0117,advanced,7,q_0042,3,Dynamic Programming,1,True,0.6666666666666666,4.5,4.5,5,5,level_up
s0117,advanced,8,q_0044,3,Bit Manipulation,1,True,0.6923076923076923,4.555555555555555,4.444444444444445,5,4,level_up
s0117,advanced,9,q_0046,3,Queue,2,True,0.6666666666666666,4.4,4.4,3,4,reinforce
s0117,advanced,10,q_0048,3,Stack,1,False,0.625,4.4,4.4,3,4,reinforce
s0117,advanced,11,q_0041,3,Memoization,1,True,0.6470588235294118,4.363636363636363,4.363636363636363,4,4,level_up
s0118,fast_improver,0,q_0005,1,Stack,1,True,1.0,3.0,5.0,3,5,level_up
s0118,fast_improver,1,q_0033,2,Tree,3,False,0.25,3.0,5.0,3,5,reinforce
s0118,fast_improver,2,q_0036,2,Hash Table,3,False,0.14285714285714285,3.0,5.0,3,5,reinforce
s0118,fast_improver,3,q_0021,2,Array,1,True,0.25,3.0,4.0,3,3,reinforce
s0118,fast_improver,4,q_0031,2,Greedy,2,True,0.3,2.3333333333333335,4.333333333333333,1,5,reinforce
s0118,fast_improver,5,q_0022,2,Array,1,True,0.36363636363636365,2.0,3.75,1,2,reinforce
s0118,fast_improver,6,q_0030,2,Array,2,True,0.38461538461538464,2.6,3.8,5,4,level_up
s0118,fast_improver,7,q_0042,3,Dynamic Programming,1,True,0.42857142857142855,3.0,3.8333333333333335,5,4,level_up
s0118,fast_improver,8,q_0044,3,Bit Manipulation,3,True,0.4117647058823529,3.0,4.0,3,5,reinforce
s0119,inconsistent,0,q_0011,1,Array,1,True,1.0,3.0,4.0,3,4,level_up
s0119,inconsistent,1,q_0038,2,Union Find,1,True,1.0,2.0,3.0,1,2,reinforce
s0119,inconsistent,2,q_0030,2,Array,2,True,0.75,2.3333333333333335,3.3333333333333335,3,4,level_up
s0119,inconsistent,3,q_0050,3,Graph,1,False,0.6,2.3333333333333335,3.3333333333333335,3,4,reinforce
s0119,inconsistent,4,q_0043,3,Recursion,3,True,0.5,2.0,3.0,1,2,reinforce
s0119,inconsistent,5,q_0048,3,Stack,2,False,0.4,2.0,3.0,1,2,reinforce
s0119,inconsistent,6,q_0049,3,Geometry,3,True,0.38461538461538464,1.8,3.4,1,5,reinforce
s0119,inconsistent,7,q_0045,3,Array,1,True,0.42857142857142855,2.0,3.6666666666666665,3,5,reinforce
s0119,inconsistent,8,q_0042,3,Dynamic Programming,3,True,0.4117647058823529,1.8571428571428572,3.5714285714285716,1,3,reinforce
s0120,struggler,0,q_0019,1,Sorting,1,True,1.0,3.0,4.0,3,4,level_up
s0120,struggler,1,q_0040,2,Array,4,False,0.2,3.0,4.0,3,4,reinforce
s0120,struggler,2,q_0027,2,Array,2,False,0.14285714285714285,3.0,4.0,3,4,reinforce
s0120,struggler,3,q_0036,2,Hash Table,1,False,0.125,3.0,4.0,3,4,reinforce
s0120,struggler,4,q_0038,2,Union Find,3,True,0.18181818181818182,3.0,4.0,3,4,reinforce
s0120,struggler,5,q_0026,2,Greedy,3,True,0.21428571428571427,2.3333333333333335,3.3333333333333335,1,2,reinforce
s0120,struggler,6,q_0022,2,Array,2,True,0.25,3.0,3.0,5,2,level_up
s0120,struggler,7,q_0044,3,Bit Manipulation,3,False,0.21052631578947367,3.0,3.0,5,2,reinforce
s0120,struggler,8,q_0047,3,Math,1,False,0.2,3.0,3.0,5,2,reinforce
s0121,average,0,q_0002,1,Array,1,False,0.0,3.0,3.0,3,3,reinforce
s0121,average,1,q_0006,1,Array,1,True,0.5,1.0,2.0,1,2,reinforce
s0121,average,2,q_0017,1,Hash Table,1,True,0.6666666666666666,2.5,3.0,4,4,level_up
s0121,average,3,q_0033,2,Tree,1,True,0.75,3.0,3.6666666666666665,4,5,level_up
s0121,average,4,q_0044,3,Bit Manipulation,2,True,0.6666666666666666,3.5,3.75,5,4,level_up
s0121,average,5,q_0048,3,Stack,3,True,0.5555555555555556,3.4,3.6,3,3,reinforce
s0121,average,6,q_0041,3,Memoization,1,True,0.6,3.6666666666666665,3.6666666666666665,5,4,level_up
s0121,average,7,q_0047,3,Math,2,False,0.5,3.6666666666666665,3.6666666666666665,5,4,reinforce
s0121,average,8,q_0045,3,Array,2,False,0.42857142857142855,3.6666666666666665,3.6666666666666665,5,4,reinforce
s0121,average,9,q_0046,3,Queue,1,True,0.4666666666666667,3.857142857142857,3.5714285714285716,5,3,level_up
s0121,average,10,q_0050,3,Graph,1,True,0.5,4.0,3.75,5,5,level_up
s0121,average,11,q_0042,3,Dynamic Programming,1,False,0.47058823529411764,4.0,3.75,5,5,reinforce
s0121,average,12,q_0043,3,Recursion,3,True,0.45,4.0,3.888888888888889,4,5,reinforce
s0121,average,13,q_0049,3,Geometry,1,True,0.47619047619047616,4.1,4.0,5,5,level_up
s0122,advanced,0,q_0020,1,Math,1,True,1.0,5.0,4.0,5,4,level_up
s0122,advanced,1,q_0033,2,Tree,1,True,1.0,5.0,4.5,5,5,level_up
s0122,advanced,2,q_0047,3,Math,1,True,1.0,4.333333333333333,4.333333333333333,3,4,level_up
s0122,advanced,3,q_0044,3,Bit Manipulation,1,True,1.0,4.25,4.5,4,5,level_up
s0122,advanced,4,q_0042,3,Dynamic Programming,1,True,1.0,4.0,4.2,3,3,level_up
s0122,advanced,5,q_0045,3,Array,1,True,1.0,4.166666666666667,4.166666666666667,5,4,level_up
s0122,advanced,6,q_0041,3,Memoization,1,True,1.0,4.285714285714286,4.142857142857143,5,4,level_up
s0122,advanced,7,q_0043,3,Recursion,1,True,1.0,4.25,4.125,4,4,level_up
s0122,advanced,8,q_0050,3,Graph,1,True,1.0,4.333333333333333,4.222222222222222,5,5,level_up
s0122,advanced,9,q_0046,3,Queue,1,True,1.0,4.4,4.2,5,4,level_up
s0122,advanced,10,q_0048,3,Stack,3,True,0.8461538461538461,4.2727272727272725,4.181818181818182,3,4,level_up
s0122,advanced,11,q_0049,3,Geometry,2,True,0.8,4.333333333333333,4.25,5,5,level_up
s0123,fast_improver,0,q_0020,1,Math,1,True,1.0,1.0,2.0,1,2,reinforce
s0123,fast_improver,1,q_0019,1,Sorting,1,True,1.0,1.0,2.5,1,3,reinforce
s0123,fast_improver,2,q_0017,1,Hash Table,2,True,0.75,1.0,2.3333333333333335,1,2,reinforce
s0123,fast_improver,3,q_0003,1,Array,1,True,0.8,1.5,3.0,3,5,level_up
s0123,fast_improver,4,q_0033,2,Tree,1,False,0.6666666666666666,1.5,3.0,3,5,reinforce
s0123,fast_improver,5,q_0037,2,Array,2,True,0.625,2.2,3.4,5,5,level_up
s0123,fast_improver,6,q_0043,3,Recursion,1,False,0.5555555555555556,2.2,3.4,5,5,reinforce
s0123,fast_improver,7,q_0046,3,Queue,1,False,0.5,2.2,3.4,5,5,reinforce
s0123,fast_improver,8,q_0050,3,Graph,2,False,0.4166666666666667,2.2,3.4,5,5,reinforce
s0123,fast_improver,9,q_0044,3,Bit Manipulation,1,True,0.46153846153846156,2.6666666666666665,3.6666666666666665,5,5,level_up
s0123,fast_improver,10,q_0048,3,Stack,3,True,0.4375,3.0,3.5714285714285716,5,3,reinforce
s0123,fast_improver,11,q_0047,3,Math,1,True,0.47058823529411764,3.25,3.75,5,5,level_up
s0123,fast_improver,12,q_0042,3,Dynamic Programming,1,True,0.5,3.4444444444444446,3.888888888888889,5,5,level_up
s0124,inconsistent,0,q_0013,1,Two Pointers,1,True,1.0,3.0,5.0,3,5,level_up
s0124,inconsistent,1,q_0032,2,Array,1,True,1.0,4.0,4.0,5,3,level_up
s0124,inconsistent,2,q_0047,3,Math,2,True,0.75,3.6666666666666665,3.6666666666666665,3,3,level_up
s0124,inconsistent,3,q_0050,3,Graph,2,True,0.6666666666666666,3.0,4.0,1,5,reinforce
s0124,inconsistent,4,q_0042,3,Dynamic Programming,1,True,0.7142857142857143,3.2,4.0,4,4,level_up
s0124,inconsistent,5,q_0043,3,Recursion,2,True,0.6666666666666666,3.3333333333333335,4.166666666666667,4,5,level_up
s0124,inconsistent,6,q_0045,3,Array,2,False,0.5454545454545454,3.3333333333333335,4.166666666666667,4,5,reinforce
s0124,inconsistent,7,q_0044,3,Bit Manipulation,1,True,0.5833333333333334,3.4285714285714284,4.142857142857143,4,4,level_up
s0124,inconsistent,8,q_0046,3,Queue,2,False,0.5,3.4285714285714284,4.142857142857143,4,4,reinforce
s0124,inconsistent,9,q_0048,3,Stack,3,True,0.47058823529411764,3.625,4.125,5,4,reinforce
s0124,inconsistent,10,q_0041,3,Memoization,2,True,0.47368421052631576,3.6666666666666665,4.111111111111111,4,4,level_up
s0124,inconsistent,11,q_0049,3,Geometry,2,True,0.47619047619047616,3.8,3.9,5,2,level_up
s0125,struggler,0,q_0005,1,Stack,1,True,1.0,3.0,3.0,3,3,level_up
s0125,struggler,1,q_0021,2,Array,1,True,1.0,2.0,3.0,1,3,reinforce
s0125,struggler,2,q_0028,2,Array,3,True,0.6,1.6666666666666667,2.6666666666666665,1,2,reinforce
s0125,struggler,3,q_0022,2,Array,3,True,0.5,2.25,2.5,4,2,reinforce
s0125,struggler,4,q_0033,2,Tree,1,True,0.5555555555555556,2.0,2.4,1,2,reinforce
s0125,struggler,5,q_0039,2,Array,3,False,0.4166666666666667,2.0,2.4,1,2,reinforce
s0125,struggler,6,q_0034,2,Two Pointers,1,False,0.38461538461538464,2.0,2.4,1,2,reinforce
s0125,struggler,7,q_0031,2,Greedy,1,True,0.42857142857142855,1.8333333333333333,2.5,1,3,reinforce
s0125,struggler,8,q_0037,2,Array,2,False,0.375,1.8333333333333333,2.5,1,3,reinforce
s0125,struggler,9,q_0035,2,Stack,2,True,0.3888888888888889,2.142857142857143,2.7142857142857144,4,4,level_up
s0125,struggler,10,q_0048,3,Stack,2,False,0.35,2.142857142857143,2.7142857142857144,4,4,reinforce
s0126,average,0,q_0019,1,Sorting,1,True,1.0,4.0,4.0,4,4,level_up
s0126,average,1,q_0021,2,Array,1,True,1.0,4.0,3.0,4,2,level_up
s0126,average,2,q_0043,3,Recursion,1,False,0.6666666666666666,4.0,3.0,4,2,reinforce
s0126,average,3,q_0045,3,Array,1,True,0.75,3.0,3.6666666666666665,1,5,reinforce
s0126,average,4,q_0041,3,Memoization,1,True,0.8,3.5,3.5,5,3,level_up
s0126,average,5,q_0046,3,Queue,1,True,0.8333333333333334,3.6,3.4,4,3,level_up
s0126,average,6,q_0049,3,Geometry,4,True,0.6,3.8333333333333335,3.5,5,4,reinforce
s0126,average,7,q_0050,3,Graph,3,True,0.5384615384615384,4.0,3.5714285714285716,5,4,reinforce
s0127,advanced,0,q_0002,1,Array,1,True,1.0,5.0,4.0,5,4,level_up
s0127,advanced,1,q_0023,2,Array,1,True,1.0,5.0,4.5,5,5,level_up
s0127,advanced,2,q_0050,3,Graph,1,True,1.0,5.0,4.333333333333333,5,4,level_up
s0127,advanced,3,q_0048,3,Stack,1,True,1.0,5.0,4.5,5,5,level_up
s0127,advanced,4,q_0046,3,Queue,1,True,1.0,4.8,4.4,4,4,level_up
s0127,advanced,5,q_0044,3,Bit Manipulation,2,True,0.8571428571428571,4.833333333333333,4.333333333333333,5,4,level_up
s0127,advanced,6,q_0041,3,Memoization,1,True,0.875,4.857142857142857,4.428571428571429,5,5,level_up
s0127,advanced,7,q_0045,3,Array,2,False,0.7,4.857142857142857,4.428571428571429,5,5,reinforce
s0127,advanced,8,q_0043,3,Recursion,1,True,0.7272727272727273,4.625,4.5,3,5,reinforce
s0127,advanced,9,q_0049,3,Geometry,1,True,0.75,4.555555555555555,4.444444444444445,4,4,level_up
s0127,advanced,10,q_0042,3,Dynamic Programming,2,True,0.7142857142857143,4.6,4.4,5,4,level_up
s0127,advanced,11,q_0047,3,Math,1,True,0.7333333333333333,4.636363636363637,4.454545454545454,5,5,level_up
s0128,fast_improver,0,q_0016,1,Array,1,True,1.0,1.0,4.0,1,4,reinforce
s0128,fast_improver,1,q_0015,1,String,1,True,1.0,2.0,4.0,3,4,level_up
s0128,fast_improver,2,q_0038,2,Union Find,1,True,1.0,1.6666666666666667,3.6666666666666665,1,3,reinforce
s0128,fast_improver,3,q_0040,2,Array,1,False,0.75,1.6666666666666667,3.6666666666666665,1,3,reinforce
s0128,fast_improver,4,q_0021,2,Array,1,True,0.8,1.5,3.5,1,3,reinforce
s0128,fast_improver,5,q_0034,2,Two Pointers,1,True,0.8333333333333334,1.8,3.4,3,3,level_up
s0128,fast_improver,6,q_0043,3,Recursion,3,True,0.6666666666666666,1.6666666666666667,3.5,1,4,reinforce
s0128,fast_improver,7,q_0049,3,Geometry,1,True,0.7,2.142857142857143,3.5714285714285716,5,4,level_up
s0128,fast_improver,8,q_0044,3,Bit Manipulation,2,False,0.5833333333333334,2.142857142857143,3.5714285714285716,5,4,reinforce
s0128,fast_improver,9,q_0046,3,Queue,3,True,0.5333333333333333,2.5,3.75,5,5,reinforce
s0129,inconsistent,0,q_0003,1,Array,2,False,0.0,3.0,3.0,3,3,reinforce
s0129,inconsistent,1,q_0018,1,Array,2,True,0.25,5.0,4.0,5,4,level_up
s0129,inconsistent,2,q_0022,2,Array,2,True,0.3333333333333333,3.0,4.0,1,4,reinforce
s0129,inconsistent,3,q_0032,2,Array,1,True,0.42857142857142855,3.3333333333333335,3.3333333333333335,4,2,level_up
s0129,inconsistent,4,q_0047,3,Math,1,True,0.5,2.75,3.25,1,3,reinforce
s0129,inconsistent,5,q_0046,3,Queue,1,True,0.5555555555555556,2.8,3.4,3,4,reinforce
s0129,inconsistent,6,q_0045,3,Array,1,True,0.6,3.1666666666666665,3.5,5,4,level_up
s0129,inconsistent,7,q_0048,3,Stack,2,False,0.5,3.1666666666666665,3.5,5,4,reinforce
s0129,inconsistent,8,q_0050,3,Graph,1,False,0.46153846153846156,3.1666666666666665,3.5,5,4,reinforce
s0130,struggler,0,q_0017,1,Hash Table,1,True,1.0,1.0,4.0,1,4,reinforce
s0130,struggler,1,q_0014,1,Greedy,1,False,0.5,1.0,4.0,1,4,reinforce
s0130,struggler,2,q_0019,1,Sorting,2,True,0.5,2.5,3.0,4,2,level_up
s0130,struggler,3,q_0028,2,Array,1,True,0.6,2.6666666666666665,2.6666666666666665,3,2,reinforce
s0130,struggler,4,q_0025,2,Math,4,False,0.3333333333333333,2.6666666666666665,2.6666666666666665,3,2,reinforce
s0130,struggler,5,q_0035,2,Stack,2,False,0.2727272727272727,2.6666666666666665,2.6666666666666665,3,2,reinforce
s0130,struggler,6,q_0033,2,Tree,4,False,0.2,2.6666666666666665,2.6666666666666665,3,2,reinforce
s0130,struggler,7,q_0023,2,Array,1,True,0.25,3.25,2.5,5,2,level_up
s0131,average,0,q_0007,1,Array,1,True,1.0,5.0,4.0,5,4,level_up
s0131,average,1,q_0030,2,Array,1,True,1.0,5.0,4.0,5,4,level_up
s0131,average,2,q_0043,3,Recursion,1,False,0.6666666666666666,5.0,4.0,5,4,reinforce
s0131,average,3,q_0049,3,Geometry,2,False,0.4,5.0,4.0,5,4,reinforce
s0131,average,4,q_0050,3,Graph,1,True,0.5,5.0,4.0,5,4,level_up
s0131,average,5,q_0041,3,Memoization,1,True,0.5714285714285714,4.5,4.25,3,5,reinforce
s0131,average,6,q_0046,3,Queue,2,False,0.4444444444444444,4.5,4.25,3,5,reinforce
s0131,average,7,q_0044,3,Bit Manipulation,2,False,0.36363636363636365,4.5,4.25,3,5,reinforce
s0131,average,8,q_0048,3,Stack,1,True,0.4166666666666667,3.8,4.4,1,5,reinforce
s0132,advanced,0,q_0016,1,Array,1,True,1.0,5.0,4.0,5,4,level_up
s0132,advanced,1,q_0021,2,Array,1,True,1.0,5.0,4.0,5,4,level_up
s0132,advanced,2,q_0047,3,Math,1,True,1.0,5.0,4.0,5,4,level_up
s0132,advanced,3,q_0044,3,Bit Manipulation,3,True,0.6666666666666666,5.0,4.0,5,4,reinforce
s0132,advanced,4,q_0050,3,Graph,2,True,0.625,5.0,4.2,5,5,level_up
s0132,advanced,5,q_0045,3,Array,1,True,0.6666666666666666,5.0,4.166666666666667,5,4,level_up
s0132,advanced,6,q_0042,3,Dynamic Programming,1,True,0.7,4.857142857142857,4.142857142857143,4,4,level_up
s0132,advanced,7,q_0048,3,Stack,1,True,0.7272727272727273,4.75,4.25,4,5,level_up
s0132,advanced,8,q_0046,3,Queue,1,True,0.75,4.555555555555555,4.333333333333333,3,5,level_up
s0132,advanced,9,q_0049,3,Geometry,1,False,0.6923076923076923,4.555555555555555,4.333333333333333,3,5,reinforce
s0132,advanced,10,q_0041,3,Memoization,1,True,0.7142857142857143,4.6,4.2,5,3,level_up
s0132,advanced,11,q_0043,3,Recursion,1,True,0.7333333333333333,4.636363636363637,4.090909090909091,5,3,level_up
s0133,fast_improver,0,q_0017,1,Hash Table,2,True,0.5,1.0,4.0,1,4,reinforce
s0133,fast_improver,1,q_0001,1,Array,1,True,0.6666666666666666,1.0,4.0,1,4,reinforce
s0133,fast_improver,2,q_0005,1,Stack,1,True,0.75,1.0,4.333333333333333,1,5,reinforce
s0133,fast_improver,3,q_0004,1,String,2,True,0.6666666666666666,1.0,4.0,1,3,reinforce
s0133,fast_improver,4,q_0009,1,Array,1,True,0.7142857142857143,1.8,3.8,5,3,level_up
s0133,fast_improver,5,q_0039,2,Array,1,True,0.75,2.3333333333333335,3.8333333333333335,5,4,level_up
s0133,fast_improver,6,q_0050,3,Graph,2,False,0.6,2.3333333333333335,3.8333333333333335,5,4,reinforce
s0133,fast_improver,7,q_0042,3,Dynamic Programming,1,True,0.6363636363636364,2.7142857142857144,3.5714285714285716,5,2,level_up
s0133,fast_improver,8,q_0045,3,Array,1,True,0.6666666666666666,2.875,3.625,4,4,level_up
s0133,fast_improver,9,q_0047,3,Math,2,True,0.6428571428571429,3.0,3.7777777777777777,4,5,level_up
s0133,fast_improver,10,q_0049,3,Geometry,1,True,0.6666666666666666,3.2,3.9,5,5,level_up
s0133,fast_improver,11,q_0043,3,Recursion,2,True,0.6470588235294118,3.272727272727273,3.909090909090909,4,4,level_up
s0133,fast_improver,12,q_0046,3,Queue,1,True,0.6666666666666666,3.3333333333333335,3.9166666666666665,4,4,level_up
s0133,fast_improver,13,q_0044,3,Bit Manipulation,2,True,0.65,3.4615384615384617,4.0,5,5,level_up
s0133,fast_improver,14,q_0048,3,Stack,1,True,0.6666666666666666,3.4285714285714284,4.071428571428571,3,5,reinforce
s0133,fast_improver,15,q_0041,3,Memoization,1,True,0.6818181818181818,3.533333333333333,4.066666666666666,5,4,level_up
s0134,inconsistent,0,q_0020,1,Math,1,True,1.0,3.0,5.0,3,5,level_up
s0134,inconsistent,1,q_0040,2,Array,2,False,0.3333333333333333,3.0,5.0,3,5,reinforce
s0134,inconsistent,2,q_0024,2,Array,1,True,0.5,4.0,5.0,5,5,level_up
s0134,inconsistent,3,q_0042,3,Dynamic Programming,2,True,0.5,3.0,5.0,1,5,reinforce
s0134,inconsistent,4,q_0049,3,Geometry,2,False,0.375,3.0,5.0,1,5,reinforce
s0134,inconsistent,5,q_0047,3,Math,2,False,0.3,3.0,5.0,1,5,reinforce
s0134,inconsistent,6,q_0046,3,Queue,2,False,0.25,3.0,5.0,1,5,reinforce
s0134,inconsistent,7,q_0043,3,Recursion,1,False,0.23076923076923078,3.0,5.0,1,5,reinforce
s0134,inconsistent,8,q_0041,3,Memoization,2,True,0.26666666666666666,3.5,4.75,5,4,level_up
s0134,inconsistent,9,q_0044,3,Bit Manipulation,1,True,0.3125,3.8,4.4,5,3,level_up
s0134,inconsistent,10,q_0045,3,Array,1,True,0.35294117647058826,3.6666666666666665,4.5,3,5,reinforce
s0134,inconsistent,11,q_0048,3,Stack,1,True,0.3888888888888889,3.857142857142857,4.428571428571429,5,4,level_up
s0134,inconsistent,12,q_0050,3,Graph,1,True,0.42105263157894735,4.0,4.5,5,5,level_up
s0135,struggler,0,q_0006,1,Array,1,True,1.0,1.0,2.0,1,2,reinforce
s0135,struggler,1,q_0011,1,Array,1,True,1.0,1.0,3.0,1,4,reinforce
s0135,struggler,2,q_0013,1,Two Pointers,1,True,1.0,1.6666666666666667,2.6666666666666665,3,2,level_up
s0135,struggler,3,q_0034,2,Two Pointers,2,True,0.8,2.25,3.25,4,5,level_up
s0135,struggler,4,q_0050,3,Graph,3,False,0.5,2.25,3.25,4,5,reinforce
s0135,struggler,5,q_0048,3,Stack,2,False,0.4,2.25,3.25,4,5,reinforce
s0135,struggler,6,q_0046,3,Queue,3,False,0.3076923076923077,2.25,3.25,4,5,reinforce
s0135,struggler,7,q_0047,3,Math,4,False,0.23529411764705882,2.25,3.25,4,5,reinforce
s0135,struggler,8,q_0044,3,Bit Manipulation,1,False,0.2222222222222222,2.25,3.25,4,5,reinforce
s0135,struggler,9,q_0042,3,Dynamic Programming,4,False,0.18181818181818182,2.25,3.25,4,5,reinforce
s0135,struggler,10,q_0045,3,Array,1,False,0.17391304347826086,2.25,3.25,4,5,reinforce
s0135,struggler,11,q_0049,3,Geometry,1,True,0.20833333333333334,2.0,3.4,1,4,reinforce
s0136,average,0,q_0008,1,Math,2,True,0.5,4.0,4.0,4,4,level_up
s0136,average,1,q_0030,2,Array,1,False,0.3333333333333333,4.0,4.0,4,4,reinforce
s0136,average,2,q_0040,2,Array,1,True,0.5,3.5,4.0,3,4,reinforce
s0136,average,3,q_0021,2,Array,1,True,0.6,3.3333333333333335,3.3333333333333335,3,2,reinforce
s0136,average,4,q_0037,2,Array,3,True,0.5,3.75,3.5,5,4,reinforce
s0136,average,5,q_0023,2,Array,1,True,0.5555555555555556,4.0,3.2,5,2,level_up
s0136,average,6,q_0045,3,Array,1,False,0.5,4.0,3.2,5,2,reinforce
s0136,average,7,q_0042,3,Dynamic Programming,2,False,0.4166666666666667,4.0,3.2,5,2,reinforce
s0136,average,8,q_0041,3,Memoization,1,False,0.38461538461538464,4.0,3.2,5,2,reinforce
s0137,advanced,0,q_0019,1,Sorting,1,True,1.0,5.0,4.0,5,4,level_up
s0137,advanced,1,q_0024,2,Array,1,False,0.5,5.0,4.0,5,4,reinforce
s0137,advanced,2,q_0029,2,Array,1,True,0.6666666666666666,5.0,4.5,5,5,level_up
s0137,advanced,3,q_0042,3,Dynamic Programming,2,True,0.6,4.666666666666667,4.666666666666667,4,5,level_up
s0137,advanced,4,q_0046,3,Queue,1,True,0.6666666666666666,4.75,4.25,5,3,level_up
s0137,advanced,5,q_0044,3,Bit Manipulation,1,True,0.7142857142857143,4.8,4.2,5,4,level_up
s0137,advanced,6,q_0043,3,Recursion,1,True,0.75,4.833333333333333,4.333333333333333,5,5,level_up
s0137,advanced,7,q_0045,3,Array,1,True,0.7777777777777778,4.857142857142857,4.428571428571429,5,5,level_up
s0137,advanced,8,q_0047,3,Math,1,True,0.8,4.875,4.5,5,5,level_up
s0137,advanced,9,q_0048,3,Stack,1,True,0.8181818181818182,4.888888888888889,4.444444444444445,5,4,level_up
s0137,advanced,10,q_0049,3,Geometry,1,True,0.8333333333333334,4.9,4.4,5,4,level_up
s0137,advanced,11,q_0050,3,Graph,2,True,0.7857142857142857,4.818181818181818,4.454545454545454,4,5,level_up
s0137,advanced,12,q_0041,3,Memoization,2,True,0.75,4.833333333333333,4.5,5,5,level_up
s0138,fast_improver,0,q_0014,1,Greedy,1,True,1.0,3.0,2.0,3,2,level_up
s0138,fast_improver,1,q_0026,2,Greedy,1,False,0.5,3.0,2.0,3,2,reinforce
s0138,fast_improver,2,q_0039,2,Array,1,True,0.6666666666666666,2.0,3.0,1,4,reinforce
s0138,fast_improver,3,q_0031,2,Greedy,1,True,0.75,2.3333333333333335,3.3333333333333335,3,4,level_up
s0138,fast_improver,4,q_0046,3,Queue,1,False,0.6,2.3333333333333335,3.3333333333333335,3,4,reinforce
s0138,fast_improver,5,q_0042,3,Dynamic Programming,1,False,0.5,2.3333333333333335,3.3333333333333335,3,4,reinforce
s0138,fast_improver,6,q_0045,3,Array,2,True,0.5,3.0,3.75,5,5,level_up
s0138,fast_improver,7,q_0043,3,Recursion,1,True,0.5555555555555556,3.2,3.8,4,4,level_up
s0138,fast_improver,8,q_0050,3,Graph,1,True,0.6,3.5,3.6666666666666665,5,3,level_up
s0138,fast_improver,9,q_0044,3,Bit Manipulation,1,True,0.6363636363636364,3.5714285714285716,3.857142857142857,4,5,level_up
s0138,fast_improver,10,q_0048,3,Stack,1,False,0.5833333333333334,3.5714285714285716,3.857142857142857,4,5,reinforce
s0138,fast_improver,11,q_0041,3,Memoization,1,True,0.6153846153846154,3.75,4.0,5,5,level_up
s0138,fast_improver,12,q_0049,3,Geometry,1,True,0.6428571428571429,3.888888888888889,4.0,5,4,level_up
s0138,fast_improver,13,q_0047,3,Math,1,True,0.6666666666666666,4.0,4.1,5,5,level_up
s0139,inconsistent,0,q_0017,1,Hash Table,1,True,1.0,1.0,5.0,1,5,reinforce
s0139,inconsistent,1,q_0009,1,Array,2,True,0.6666666666666666,1.0,5.0,1,5,reinforce
s0139,inconsistent,2,q_0016,1,Array,3,True,0.5,2.3333333333333335,4.666666666666667,5,4,reinforce
s0139,inconsistent,3,q_0006,1,Array,1,True,0.5714285714285714,3.0,4.5,5,4,level_up
s0139,inconsistent,4,q_0033,2,Tree,2,True,0.5555555555555556,2.6,4.0,1,2,reinforce
s0139,inconsistent,5,q_0038,2,Union Find,1,True,0.6,3.0,3.8333333333333335,5,3,level_up
s0139,inconsistent,6,q_0043,3,Recursion,3,False,0.46153846153846156,3.0,3.8333333333333335,5,3,reinforce
s0139,inconsistent,7,q_0044,3,Bit Manipulation,3,False,0.375,3.0,3.8333333333333335,5,3,reinforce
s0139,inconsistent,8,q_0047,3,Math,2,True,0.3888888888888889,3.2857142857142856,3.857142857142857,5,4,level_up
s0139,inconsistent,9,q_0049,3,Geometry,1,True,0.42105263157894735,3.5,4.0,5,5,level_up
s0139,inconsistent,10,q_0042,3,Dynamic Programming,2,True,0.42857142857142855,3.4444444444444446,4.111111111111111,3,5,reinforce
s0139,inconsistent,11,q_0041,3,Memoization,1,True,0.45454545454545453,3.6,3.9,5,2,level_up
s0139,inconsistent,12,q_0045,3,Array,1,True,0.4782608695652174,3.5454545454545454,4.0,3,5,reinforce
s0139,inconsistent,13,q_0050,3,Graph,2,False,0.44,3.5454545454545454,4.0,3,5,reinforce
s0140,struggler,0,q_0015,1,String,2,False,0.0,3.0,3.0,3,3,reinforce
s0140,struggler,1,q_0012,1,Hash Table,1,True,0.3333333333333333,3.0,4.0,3,4,reinforce
s0140,struggler,2,q_0017,1,Hash Table,1,True,0.5,2.0,4.0,1,4,reinforce
s0140,struggler,3,q_0018,1,Array,1,True,0.6,2.6666666666666665,3.6666666666666665,4,3,level_up
s0140,struggler,4,q_0029,2,Array,1,False,0.5,2.6666666666666665,3.6666666666666665,4,3,reinforce
s0140,struggler,5,q_0037,2,Array,4,True,0.4,2.25,3.5,1,3,reinforce
s0140,struggler,6,q_0036,2,Hash Table,2,False,0.3333333333333333,2.25,3.5,1,3,reinforce
s0140,struggler,7,q_0031,2,Greedy,2,True,0.35714285714285715,2.0,3.4,1,3,reinforce
s0140,struggler,8,q_0038,2,Union Find,1,True,0.4,2.5,3.3333333333333335,5,3,level_up
s0140,struggler,9,q_0046,3,Queue,2,False,0.35294117647058826,2.5,3.3333333333333335,5,3,reinforce
s0140,struggler,10,q_0048,3,Stack,1,False,0.3333333333333333,2.5,3.3333333333333335,5,3,reinforce
s0140,struggler,11,q_0044,3,Bit Manipulation,1,False,0.3157894736842105,2.5,3.3333333333333335,5,3,reinforce
s0140,struggler,12,q_0043,3,Recursion,1,True,0.35,2.7142857142857144,3.2857142857142856,4,3,level_up
s0140,struggler,13,q_0045,3,Array,2,False,0.3181818181818182,2.7142857142857144,3.2857142857142856,4,3,reinforce
s0140,struggler,14,q_0041,3,Memoization,3,False,0.28,2.7142857142857144,3.2857142857142856,4,3,reinforce
s0140,struggler,15,q_0042,3,Dynamic Programming,4,False,0.2413793103448276,2.7142857142857144,3.2857142857142856,4,3,reinforce
s0140,struggler,16,q_0050,3,Graph,4,False,0.21212121212121213,2.7142857142857144,3.2857142857142856,4,3,reinforce
s0140,struggler,17,q_0047,3,Math,1,True,0.23529411764705882,2.875,3.125,4,2,level_up
s0140,struggler,18,q_0049,3,Geometry,1,True,0.2571428571428571,2.888888888888889,3.2222222222222223,3,4,reinforce
s0141,average,0,q_0001,1,Array,1,True,1.0,3.0,3.0,3,3,level_up
s0141,average,1,q_0040,2,Array,1,True,1.0,3.0,3.5,3,4,level_up
s0141,average,2,q_0047,3,Math,2,True,0.75,3.0,3.3333333333333335,3,3,level_up
s0141,average,3,q_0050,3,Graph,3,True,0.5714285714285714,3.0,3.75,3,5,reinforce
s0141,average,4,q_0044,3,Bit Manipulation,4,False,0.36363636363636365,3.0,3.75,3,5,reinforce
s0141,average,5,q_0041,3,Memoization,1,False,0.3333333333333333,3.0,3.75,3,5,reinforce
s0141,average,6,q_0042,3,Dynamic Programming,1,True,0.38461538461538464,3.4,4.0,5,5,level_up
s0141,average,7,q_0043,3,Recursion,2,True,0.4,3.6666666666666665,4.166666666666667,5,5,level_up
s0141,average,8,q_0049,3,Geometry,1,True,0.4375,3.857142857142857,4.0,5,3,level_up
s0141,average,9,q_0045,3,Array,1,False,0.4117647058823529,3.857142857142857,4.0,5,3,reinforce
s0142,advanced,0,q_0012,1,Hash Table,1,True,1.0,5.0,4.0,5,4,level_up
s0142,advanced,1,q_0025,2,Math,1,True,1.0,4.0,4.0,3,4,level_up
s0142,advanced,2,q_0043,3,Recursion,1,True,1.0,4.333333333333333,4.0,5,4,level_up
s0142,advanced,3,q_0047,3,Math,1,True,1.0,4.5,4.25,5,5,level_up
s0142,advanced,4,q_0045,3,Array,1,False,0.8,4.5,4.25,5,5,reinforce
s0142,advanced,5,q_0044,3,Bit Manipulation,1,True,0.8333333333333334,4.2,4.2,3,4,level_up
s0142,advanced,6,q_0050,3,Graph,1,True,0.8571428571428571,4.333333333333333,4.333333333333333,5,5,level_up
s0142,advanced,7,q_0048,3,Stack,2,True,0.7777777777777778,4.142857142857143,4.285714285714286,3,4,level_up
s0142,advanced,8,q_0041,3,Memoization,1,True,0.8,4.25,4.375,5,5,level_up
s0142,advanced,9,q_0042,3,Dynamic Programming,1,True,0.8181818181818182,4.333333333333333,4.444444444444445,5,5,level_up
s0142,advanced,10,q_0046,3,Queue,1,True,0.8333333333333334,4.4,4.5,5,5,level_up
s0142,advanced,11,q_0049,3,Geometry,3,True,0.7333333333333333,4.454545454545454,4.454545454545454,5,4,reinforce
s0143,fast_improver,0,q_0017,1,Hash Table,1,True,1.0,1.0,2.0,1,2,reinforce
s0143,fast_improver,1,q_0010,1,Greedy,1,True,1.0,2.0,2.0,3,2,level_up
s0143,fast_improver,2,q_0037,2,Array,1,True,1.0,1.6666666666666667,2.6666666666666665,1,4,reinforce
s0143,fast_improver,3,q_0039,2,Array,1,True,1.0,1.5,3.25,1,5,reinforce
s0143,fast_improver,4,q_0031,2,Greedy,2,True,0.8333333333333334,1.8,3.6,3,5,level_up
s0143,fast_improver,5,q_0044,3,Bit Manipulation,2,True,0.75,2.3333333333333335,3.5,5,3,level_up
s0143,fast_improver,6,q_0046,3,Queue,3,True,0.6363636363636364,2.7142857142857144,3.7142857142857144,5,5,reinforce
s0143,fast_improver,7,q_0042,3,Dynamic Programming,4,True,0.5333333333333333,3.0,3.625,5,3,reinforce
s0143,fast_improver,8,q_0045,3,Array,1,True,0.5625,3.0,3.6666666666666665,3,4,reinforce
s0143,fast_improver,9,q_0047,3,Math,1,True,0.5882352941176471,3.2,3.8,5,5,level_up
s0143,fast_improver,10,q_0050,3,Graph,2,True,0.5789473684210527,3.3636363636363638,3.909090909090909,5,5,level_up
s0143,fast_improver,11,q_0043,3,Recursion,1,True,0.6,3.5,4.0,5,5,level_up
s0143,fast_improver,12,q_0041,3,Memoization,1,True,0.6190476190476191,3.6153846153846154,4.076923076923077,5,5,level_up
s0143,fast_improver,13,q_0049,3,Geometry,2,True,0.6086956521739131,3.7142857142857144,4.0,5,3,level_up
s0143,fast_improver,14,q_0048,3,Stack,1,True,0.625,3.8,3.933333333333333,5,3,level_up
s0144,inconsistent,0,q_0012,1,Hash Table,1,True,1.0,5.0,2.0,5,2,level_up
s0144,inconsistent,1,q_0028,2,Array,1,False,0.5,5.0,2.0,5,2,reinforce
s0144,inconsistent,2,q_0027,2,Array,4,False,0.16666666666666666,5.0,2.0,5,2,reinforce
s0144,inconsistent,3,q_0025,2,Math,1,True,0.2857142857142857,4.5,3.0,4,4,level_up
s0144,inconsistent,4,q_0047,3,Math,1,False,0.25,4.5,3.0,4,4,reinforce
s0144,inconsistent,5,q_0050,3,Graph,1,True,0.3333333333333333,4.0,3.6666666666666665,3,5,reinforce
s0144,inconsistent,6,q_0044,3,Bit Manipulation,2,True,0.36363636363636365,3.75,3.75,3,4,reinforce
s0144,inconsistent,7,q_0045,3,Array,2,True,0.38461538461538464,4.0,3.4,5,2,level_up
s0144,inconsistent,8,q_0048,3,Stack,2,True,0.4,4.0,3.6666666666666665,4,5,level_up
s0145,struggler,0,q_0019,1,Sorting,1,True,1.0,1.0,2.0,1,2,reinforce
s0145,struggler,1,q_0001,1,Array,1,True,1.0,2.0,3.0,3,4,level_up
s0145,struggler,2,q_0036,2,Hash Table,1,False,0.6666666666666666,2.0,3.0,3,4,reinforce
s0145,struggler,3,q_0025,2,Math,3,True,0.5,1.6666666666666667,3.3333333333333335,1,4,reinforce
s0145,struggler,4,q_0026,2,Greedy,2,True,0.5,1.5,3.5,1,4,reinforce
s0145,struggler,5,q_0028,2,Array,3,False,0.36363636363636365,1.5,3.5,1,4,reinforce
s0145,struggler,6,q_0024,2,Array,1,True,0.4166666666666667,1.8,3.2,3,2,reinforce
s0145,struggler,7,q_0031,2,Greedy,3,True,0.4,1.6666666666666667,3.1666666666666665,1,3,reinforce
s0145,struggler,8,q_0037,2,Array,2,False,0.35294117647058826,1.6666666666666667,3.1666666666666665,1,3,reinforce
s0145,struggler,9,q_0035,2,Stack,2,True,0.3684210526315789,2.142857142857143,3.2857142857142856,5,4,level_up
s0145,struggler,10,q_0047,3,Math,1,True,0.4,2.0,3.5,1,5,reinforce
s0146,average,0,q_0014,1,Greedy,1,True,1.0,5.0,4.0,5,4,level_up
s0146,average,1,q_0030,2,Array,2,True,0.6666666666666666,3.0,3.5,1,3,reinforce
s0146,average,2,q_0021,2,Array,2,True,0.6,3.0,3.6666666666666665,3,4,reinforce
s0146,average,3,q_0036,2,Hash Table,2,True,0.5714285714285714,3.0,3.75,3,4,reinforce
s0146,average,4,q_0031,2,Greedy,1,True,0.625,3.2,3.8,4,4,level_up
s0146,average,5,q_0048,3,Stack,4,True,0.5,3.1666666666666665,3.5,3,2,reinforce
s0146,average,6,q_0041,3,Memoization,1,False,0.46153846153846156,3.1666666666666665,3.5,3,2,reinforce
s0146,average,7,q_0044,3,Bit Manipulation,3,False,0.375,3.1666666666666665,3.5,3,2,reinforce
s0146,average,8,q_0046,3,Queue,1,True,0.4117647058823529,3.4285714285714284,3.2857142857142856,5,2,level_up
s0146,average,9,q_0042,3,Dynamic Programming,1,True,0.4444444444444444,3.375,3.375,3,4,reinforce
s0147,advanced,0,q_0009,1,Array,1,True,1.0,5.0,5.0,5,5,level_up
s0147,advanced,1,q_0037,2,Array,1,True,1.0,3.0,3.5,1,2,reinforce
s0147,advanced,2,q_0025,2,Math,1,True,1.0,3.6666666666666665,3.3333333333333335,5,3,level_up
s0147,advanced,3,q_0042,3,Dynamic Programming,2,True,0.8,4.0,3.75,5,5,level_up
s0147,advanced,4,q_0048,3,Stack,1,False,0.6666666666666666,4.0,3.75,5,5,reinforce
s0147,advanced,5,q_0045,3,Array,3,True,0.5555555555555556,4.2,3.8,5,4,reinforce
s0147,advanced,6,q_0044,3,Bit Manipulation,1,True,0.6,4.0,3.8333333333333335,3,4,reinforce
s0147,advanced,7,q_0049,3,Geometry,2,True,0.5833333333333334,4.0,4.0,4,5,level_up
s0148,fast_improver,0,q_0007,1,Array,1,True,1.0,1.0,2.0,1,2,reinforce
s0148,fast_improver,1,q_0015,1,String,1,True,1.0,1.0,2.0,1,2,reinforce
s0148,fast_improver,2,q_0002,1,Array,1,True,1.0,1.0,2.6666666666666665,1,4,reinforce
s0148,fast_improver,3,q_0001,1,Array,3,True,0.6666666666666666,2.0,2.5,5,2,reinforce
s0148,fast_improver,4,q_0011,1,Array,2,True,0.625,2.6,2.6,5,3,level_up
s0148,fast_improver,5,q_0028,2,Array,3,True,0.5454545454545454,2.3333333333333335,2.6666666666666665,1,3,reinforce
s0148,fast_improver,6,q_0034,2,Two Pointers,2,True,0.5384615384615384,2.7142857142857144,3.0,5,5,level_up
s0148,fast_improver,7,q_0048,3,Stack,1,True,0.5714285714285714,2.875,3.0,4,3,level_up
s0148,fast_improver,8,q_0050,3,Graph,1,True,0.6,3.0,3.2222222222222223,4,5,level_up
s0148,fast_improver,9,q_0041,3,Memoization,2,True,0.5882352941176471,3.1,3.3,4,4,level_up
s0148,fast_improver,10,q_0042,3,Dynamic Programming,1,True,0.6111111111111112,3.272727272727273,3.4545454545454546,5,5,level_up
s0148,fast_improver,11,q_0044,3,Bit Manipulation,1,True,0.631578947368421,3.4166666666666665,3.5833333333333335,5,5,level_up
s0148,fast_improver,12,q_0046,3,Queue,1,True,0.65,3.5384615384615383,3.6923076923076925,5,5,level_up
s0149,inconsistent,0,q_0008,1,Math,1,True,1.0,3.0,4.0,3,4,level_up
s0149,inconsistent,1,q_0028,2,Array,1,True,1.0,3.5,4.5,4,5,level_up
s0149,inconsistent,2,q_0042,3,Dynamic Programming,1,False,0.6666666666666666,3.5,4.5,4,5,reinforce
s0149,inconsistent,3,q_0050,3,Graph,1,False,0.5,3.5,4.5,4,5,reinforce
s0149,inconsistent,4,q_0048,3,Stack,1,True,0.6,4.0,3.6666666666666665,5,2,level_up
s0149,inconsistent,5,q_0046,3,Queue,1,False,0.5,4.0,3.6666666666666665,5,2,reinforce
s0149,inconsistent,6,q_0044,3,Bit Manipulation,2,False,0.375,4.0,3.6666666666666665,5,2,reinforce
s0149,inconsistent,7,q_0047,3,Math,3,True,0.36363636363636365,4.25,3.25,5,2,reinforce
s0149,inconsistent,8,q_0041,3,Memoization,1,True,0.4166666666666667,4.0,3.0,3,2,reinforce
s0149,inconsistent,9,q_0043,3,Recursion,2,False,0.35714285714285715,4.0,3.0,3,2,reinforce
s0149,inconsistent,10,q_0045,3,Array,1,True,0.4,3.5,3.0,1,3,reinforce
s0149,inconsistent,11,q_0049,3,Geometry,1,True,0.4375,3.7142857142857144,3.2857142857142856,5,5,level_up
s0150,struggler,0,q_0012,1,Hash Table,1,False,0.0,3.0,3.0,3,3,reinforce
s0150,struggler,1,q_0008,1,Math,1,True,0.5,3.0,2.0,3,2,reinforce
s0150,struggler,2,q_0006,1,Array,2,True,0.5,2.0,3.0,1,4,reinforce
s0150,struggler,3,q_0019,1,Sorting,1,True,0.6,1.6666666666666667,3.6666666666666665,1,5,reinforce
s0150,struggler,4,q_0009,1,Array,1,False,0.5,1.6666666666666667,3.6666666666666665,1,5,reinforce
s0150,struggler,5,q_0020,1,Math,1,True,0.5714285714285714,1.5,3.5,1,3,reinforce
s0150,struggler,6,q_0015,1,String,1,True,0.625,1.4,3.4,1,3,reinforce
s0150,struggler,7,q_0004,1,String,1,True,0.6666666666666666,1.3333333333333333,3.6666666666666665,1,5,reinforce
s0150,struggler,8,q_0005,1,Stack,1,True,0.7,1.7142857142857142,3.7142857142857144,4,4,level_up
s0150,struggler,9,q_0028,2,Array,2,False,0.5833333333333334,1.7142857142857142,3.7142857142857144,4,4,reinforce
s0150,struggler,10,q_0025,2,Math,1,True,0.6153846153846154,1.625,3.75,1,4,reinforce
s0150,struggler,11,q_0023,2,Array,2,True,0.6,2.0,3.6666666666666665,5,3,level_up
s0150,struggler,12,q_0050,3,Graph,1,True,0.625,2.3,3.8,5,5,level_up
s0150,struggler,13,q_0047,3,Math,2,True,0.6111111111111112,2.5454545454545454,3.8181818181818183,5,4,level_up
s0150,struggler,14,q_0048,3,Stack,4,False,0.5,2.5454545454545454,3.8181818181818183,5,4,reinforce
s0150,struggler,15,q_0041,3,Memoization,1,False,0.4782608695652174,2.5454545454545454,3.8181818181818183,5,4,reinforce
s0150,struggler,16,q_0043,3,Recursion,4,False,0.4074074074074074,2.5454545454545454,3.8181818181818183,5,4,reinforce
s0150,struggler,17,q_0044,3,Bit Manipulation,1,False,0.39285714285714285,2.5454545454545454,3.8181818181818183,5,4,reinforce
s0150,struggler,18,q_0042,3,Dynamic Programming,2,True,0.4,2.5833333333333335,3.9166666666666665,3,5,reinforce
s0150,struggler,19,q_0049,3,Geometry,2,True,0.40625,2.6923076923076925,4.0,4,5,level_up
s0151,average,0,q_0008,1,Math,1,True,1.0,5.0,5.0,5,5,level_up
s0151,average,1,q_0027,2,Array,4,False,0.2,5.0,5.0,5,5,reinforce
s0151,average,2,q_0021,2,Array,1,True,0.3333333333333333,4.0,5.0,3,5,reinforce
s0151,average,3,q_0033,2,Tree,1,True,0.42857142857142855,3.0,4.666666666666667,1,4,reinforce
s0151,average,4,q_0025,2,Math,1,True,0.5,3.0,4.0,3,2,reinforce
s0151,average,5,q_0039,2,Array,2,True,0.5,2.6,4.0,1,4,reinforce
s0151,average,6,q_0036,2,Hash Table,1,False,0.45454545454545453,2.6,4.0,1,4,reinforce
s0151,average,7,q_0031,2,Greedy,1,True,0.5,2.6666666666666665,4.0,3,4,reinforce
s0151,average,8,q_0029,2,Array,1,False,0.46153846153846156,2.6666666666666665,4.0,3,4,reinforce
s0151,average,9,q_0032,2,Array,1,True,0.5,2.7142857142857144,4.0,3,4,reinforce
s0151,average,10,q_0023,2,Array,1,True,0.5333333333333333,3.0,4.125,5,5,level_up
s0151,average,11,q_0049,3,Geometry,1,True,0.5625,3.2222222222222223,4.111111111111111,5,4,level_up
s0151,average,12,q_0044,3,Bit Manipulation,1,True,0.5882352941176471,3.4,4.1,5,4,level_up
s0152,advanced,0,q_0002,1,Array,1,True,1.0,3.0,4.0,3,4,level_up
s0152,advanced,1,q_0033,2,Tree,2,True,0.6666666666666666,4.0,4.5,5,5,level_up
s0152,advanced,2,q_0047,3,Math,1,True,0.75,4.333333333333333,4.333333333333333,5,4,level_up
s0152,advanced,3,q_0041,3,Memoization,1,True,0.8,4.5,4.5,5,5,level_up
s0152,advanced,4,q_0046,3,Queue,1,True,0.8333333333333334,4.6,4.6,5,5,level_up
s0152,advanced,5,q_0049,3,Geometry,1,False,0.7142857142857143,4.6,4.6,5,5,reinforce
s0152,advanced,6,q_0043,3,Recursion,1,True,0.75,4.5,4.5,4,4,level_up
s0152,advanced,7,q_0048,3,Stack,2,True,0.7,4.571428571428571,4.571428571428571,5,5,level_up
s0152,advanced,8,q_0045,3,Array,1,False,0.6363636363636364,4.571428571428571,4.571428571428571,5,5,reinforce
s0152,advanced,9,q_0050,3,Graph,1,False,0.5833333333333334,4.571428571428571,4.571428571428571,5,5,reinforce
s0152,advanced,10,q_0044,3,Bit Manipulation,2,True,0.5714285714285714,4.625,4.5,5,4,level_up
s0152,advanced,11,q_0042,3,Dynamic Programming,1,True,0.6,4.666666666666667,4.555555555555555,5,5,level_up
s0153,fast_improver,0,q_0010,1,Greedy,2,True,0.5,1.0,3.0,1,3,reinforce
s0153,fast_improver,1,q_0018,1,Array,1,True,0.6666666666666666,2.0,3.5,3,4,reinforce
s0153,fast_improver,2,q_0011,1,Array,2,True,0.6,2.3333333333333335,3.6666666666666665,3,4,reinforce
s0153,fast_improver,3,q_0017,1,Hash Table,1,True,0.6666666666666666,2.75,3.5,4,3,level_up
s0153,fast_improver,4,q_0030,2,Array,2,True,0.625,2.8,3.4,3,3,reinforce
s0153,fast_improver,5,q_0035,2,Stack,4,True,0.5,2.5,3.5,1,4,reinforce
s0153,fast_improver,6,q_0028,2,Array,2,True,0.5,2.7142857142857144,3.7142857142857144,4,5,level_up
s0153,fast_improver,7,q_0047,3,Math,1,True,0.5333333333333333,3.0,3.75,5,4,level_up
s0154,inconsistent,0,q_0019,1,Sorting,1,True,1.0,5.0,4.0,5,4,level_up
s0154,inconsistent,1,q_0032,2,Array,1,False,0.5,5.0,4.0,5,4,reinforce
s0154,inconsistent,2,q_0030,2,Array,2,True,0.5,4.5,4.0,4,4,level_up
s0154,inconsistent,3,q_0043,3,Recursion,1,False,0.4,4.5,4.0,4,4,reinforce
s0154,inconsistent,4,q_0044,3,Bit Manipulation,2,False,0.2857142857142857,4.5,4.0,4,4,reinforce
s0154,inconsistent,5,q_0041,3,Memoization,1,True,0.375,4.666666666666667,4.333333333333333,5,5,level_up
s0154,inconsistent,6,q_0046,3,Queue,1,True,0.4444444444444444,3.75,4.5,1,5,reinforce
s0154,inconsistent,7,q_0045,3,Array,1,False,0.4,3.75,4.5,1,5,reinforce
s0154,inconsistent,8,q_0050,3,Graph,2,True,0.4166666666666667,3.2,4.0,1,2,reinforce
s0154,inconsistent,9,q_0049,3,Geometry,2,False,0.35714285714285715,3.2,4.0,1,2,reinforce
s0154,inconsistent,10,q_0047,3,Math,2,False,0.3125,3.2,4.0,1,2,reinforce
s0154,inconsistent,11,q_0048,3,Stack,2,True,0.3333333333333333,3.5,4.0,5,4,level_up
s0154,inconsistent,12,q_0042,3,Dynamic Programming,1,True,0.3684210526315789,3.7142857142857144,4.142857142857143,5,5,level_up
s0155,struggler,0,q_0009,1,Array,1,True,1.0,1.0,2.0,1,2,reinforce
s0155,struggler,1,q_0016,1,Array,4,True,0.4,2.0,2.5,3,3,reinforce
s0155,struggler,2,q_0010,1,Greedy,2,True,0.42857142857142855,2.3333333333333335,2.6666666666666665,3,3,reinforce
s0155,struggler,3,q_0003,1,Array,1,True,0.5,3.0,3.0,5,4,level_up
s0155,struggler,4,q_0029,2,Array,1,True,0.5555555555555556,3.4,3.0,5,3,level_up
s0155,struggler,5,q_0049,3,Geometry,1,True,0.6,3.3333333333333335,3.0,3,3,reinforce
s0155,struggler,6,q_0041,3,Memoization,1,False,0.5454545454545454,3.3333333333333335,3.0,3,3,reinforce
s0155,struggler,7,q_0045,3,Array,3,False,0.42857142857142855,3.3333333333333335,3.0,3,3,reinforce
s0155,struggler,8,q_0048,3,Stack,2,False,0.375,3.3333333333333335,3.0,3,3,reinforce
s0155,struggler,9,q_0043,3,Recursion,1,False,0.35294117647058826,3.3333333333333335,3.0,3,3,reinforce
s0155,struggler,10,q_0044,3,Bit Manipulation,2,False,0.3157894736842105,3.3333333333333335,3.0,3,3,reinforce
s0155,struggler,11,q_0046,3,Queue,2,True,0.3333333333333333,3.5714285714285716,2.857142857142857,5,2,level_up
s0155,struggler,12,q_0042,3,Dynamic Programming,1,True,0.36363636363636365,3.25,2.875,1,3,reinforce
s0155,struggler,13,q_0047,3,Math,3,True,0.36,3.0,3.0,1,4,reinforce
s0155,struggler,14,q_0050,3,Graph,3,True,0.35714285714285715,3.0,2.9,3,2,reinforce
s0156,average,0,q_0001,1,Array,1,True,1.0,1.0,4.0,1,4,reinforce
s0156,average,1,q_0013,1,Two Pointers,1,True,1.0,1.0,4.0,1,4,reinforce
s0156,average,2,q_0006,1,Array,1,True,1.0,2.3333333333333335,4.333333333333333,5,5,level_up
s0156,average,3,q_0021,2,Array,2,True,0.8,3.0,4.0,5,3,level_up
s0156,average,4,q_0042,3,Dynamic Programming,3,True,0.625,3.0,4.0,3,4,reinforce
s0156,average,5,q_0046,3,Queue,1,True,0.6666666666666666,3.3333333333333335,4.0,5,4,level_up
s0156,average,6,q_0049,3,Geometry,1,False,0.6,3.3333333333333335,4.0,5,4,reinforce
s0156,average,7,q_0043,3,Recursion,1,True,0.6363636363636364,3.5714285714285716,4.0,5,4,level_up
s0156,average,8,q_0050,3,Graph,1,True,0.6666666666666666,3.625,3.75,4,2,level_up
s0156,average,9,q_0047,3,Math,1,False,0.6153846153846154,3.625,3.75,4,2,reinforce
s0156,average,10,q_0041,3,Memoization,1,False,0.5714285714285714,3.625,3.75,4,2,reinforce
s0156,average,11,q_0048,3,Stack,2,True,0.5625,3.6666666666666665,3.888888888888889,4,5,level_up
s0156,average,12,q_0044,3,Bit Manipulation,2,True,0.5555555555555556,3.6,3.9,3,4,reinforce
s0156,average,13,q_0045,3,Array,3,True,0.5238095238095238,3.727272727272727,3.8181818181818183,5,3,reinforce
s0157,advanced,0,q_0018,1,Array,1,True,1.0,5.0,4.0,5,4,level_up
s0157,advanced,1,q_0021,2,Array,1,True,1.0,5.0,4.5,5,5,level_up
s0157,advanced,2,q_0044,3,Bit Manipulation,1,True,1.0,4.333333333333333,4.666666666666667,3,5,level_up
s0157,advanced,3,q_0046,3,Queue,2,True,0.8,4.5,4.25,5,3,level_up
s0157,advanced,4,q_0049,3,Geometry,3,False,0.5,4.5,4.25,5,3,reinforce
s0157,advanced,5,q_0045,3,Array,2,True,0.5,4.6,4.0,5,3,level_up
s0157,advanced,6,q_0041,3,Memoization,1,True,0.5454545454545454,4.666666666666667,4.166666666666667,5,5,level_up
s0157,advanced,7,q_0043,3,Recursion,1,True,0.5833333333333334,4.571428571428571,3.857142857142857,4,2,level_up
s0157,advanced,8,q_0047,3,Math,1,True,0.6153846153846154,4.5,3.875,4,4,level_up
s0157,advanced,9,q_0042,3,Dynamic Programming,1,True,0.6428571428571429,4.555555555555555,3.888888888888889,5,4,level_up
s0157,advanced,10,q_0050,3,Graph,1,True,0.6666666666666666,4.5,3.8,4,3,level_up
s0157,advanced,11,q_0048,3,Stack,1,True,0.6875,4.454545454545454,3.8181818181818183,4,4,level_up
s0158,fast_improver,0,q_0009,1,Array,4,True,0.25,4.0,4.0,4,4,reinforce
s0158,fast_improver,1,q_0014,1,Greedy,1,True,0.4,2.5,4.0,1,4,reinforce
s0158,fast_improver,2,q_0002,1,Array,1,False,0.3333333333333333,2.5,4.0,1,4,reinforce
s0158,fast_improver,3,q_0001,1,Array,1,True,0.42857142857142855,3.3333333333333335,3.6666666666666665,5,3,level_up
s0158,fast_improver,4,q_0026,2,Greedy,2,True,0.4444444444444444,3.25,4.0,3,5,reinforce
s0158,fast_improver,5,q_0029,2,Array,1,False,0.4,3.25,4.0,3,5,reinforce
s0158,fast_improver,6,q_0034,2,Two Pointers,1,False,0.36363636363636365,3.25,4.0,3,5,reinforce
s0158,fast_improver,7,q_0025,2,Math,1,True,0.4166666666666667,3.6,4.2,5,5,level_up
s0158,fast_improver,8,q_0048,3,Stack,4,True,0.375,3.8333333333333335,4.333333333333333,5,5,reinforce
s0158,fast_improver,9,q_0044,3,Bit Manipulation,1,True,0.4117647058823529,4.0,4.428571428571429,5,5,level_up
s0158,fast_improver,10,q_0041,3,Memoization,1,True,0.4444444444444444,4.125,4.25,5,3,level_up
s0158,fast_improver,11,q_0042,3,Dynamic Programming,1,True,0.47368421052631576,4.222222222222222,4.222222222222222,5,4,level_up
s0158,fast_improver,12,q_0050,3,Graph,1,True,0.5,4.3,4.3,5,5,level_up
s0158,fast_improver,13,q_0043,3,Recursion,1,True,0.5238095238095238,4.181818181818182,4.181818181818182,3,3,reinforce
s0158,fast_improver,14,q_0045,3,Array,1,True,0.5454545454545454,4.166666666666667,4.166666666666667,4,4,level_up
s0158,fast_improver,15,q_0047,3,Math,1,True,0.5652173913043478,4.230769230769231,4.153846153846154,5,4,level_up
s0158,fast_improver,16,q_0049,3,Geometry,1,True,0.5833333333333334,4.214285714285714,4.142857142857143,4,4,level_up
s0158,fast_improver,17,q_0046,3,Queue,1,True,0.6,4.266666666666667,4.0,5,2,level_up
s0159,inconsistent,0,q_0004,1,String,1,True,1.0,1.0,4.0,1,4,reinforce
s0159,inconsistent,1,q_0005,1,Stack,1,True,1.0,3.0,4.0,5,4,level_up
s0159,inconsistent,2,q_0025,2,Math,1,False,0.6666666666666666,3.0,4.0,5,4,reinforce
s0159,inconsistent,3,q_0036,2,Hash Table,2,True,0.6,3.6666666666666665,3.3333333333333335,5,2,level_up
s0159,inconsistent,4,q_0042,3,Dynamic Programming,1,False,0.5,3.6666666666666665,3.3333333333333335,5,2,reinforce
s0159,inconsistent,5,q_0041,3,Memoization,3,True,0.4444444444444444,3.5,3.0,3,2,reinforce
s0159,inconsistent,6,q_0049,3,Geometry,2,True,0.45454545454545453,3.8,3.4,5,5,level_up
s0159,inconsistent,7,q_0043,3,Recursion,1,True,0.5,3.8333333333333335,3.6666666666666665,4,5,level_up
s0160,struggler,0,q_0020,1,Math,1,True,1.0,3.0,2.0,3,2,level_up
s0160,struggler,1,q_0025,2,Math,3,True,0.5,2.0,3.0,1,4,reinforce
s0160,struggler,2,q_0037,2,Array,1,True,0.6,1.6666666666666667,3.0,1,3,reinforce
s0160,struggler,3,q_0023,2,Array,2,True,0.5714285714285714,1.5,2.75,1,2,reinforce
s0160,struggler,4,q_0031,2,Greedy,2,True,0.5555555555555556,1.8,2.6,3,2,reinforce
s0160,struggler,5,q_0021,2,Array,3,True,0.5,1.6666666666666667,2.6666666666666665,1,3,reinforce
s0160,struggler,6,q_0022,2,Array,1,True,0.5384615384615384,1.5714285714285714,2.5714285714285716,1,2,reinforce
s0160,struggler,7,q_0039,2,Array,2,False,0.4666666666666667,1.5714285714285714,2.5714285714285716,1,2,reinforce
s0160,struggler,8,q_0027,2,Array,4,True,0.42105263157894735,2.0,2.625,5,3,reinforce
s0160,struggler,9,q_0024,2,Array,3,False,0.36363636363636365,2.0,2.625,5,3,reinforce
s0160,struggler,10,q_0035,2,Stack,2,False,0.3333333333333333,2.0,2.625,5,3,reinforce
s0160,struggler,11,q_0029,2,Array,1,False,0.32,2.0,2.625,5,3,reinforce
s0160,struggler,12,q_0036,2,Hash Table,2,True,0.3333333333333333,2.111111111111111,2.888888888888889,3,5,reinforce
s0160,struggler,13,q_0030,2,Array,1,True,0.35714285714285715,2.2,2.9,3,3,reinforce
s0161,average,0,q_0008,1,Math,1,True,1.0,4.0,4.0,4,4,level_up
s0161,average,1,q_0035,2,Stack,1,False,0.5,4.0,4.0,4,4,reinforce
s0161,average,2,q_0034,2,Two Pointers,2,True,0.5,2.5,4.0,1,4,reinforce
s0161,average,3,q_0028,2,Array,2,True,0.5,2.6666666666666665,3.6666666666666665,3,3,reinforce
s0161,average,4,q_0036,2,Hash Table,2,True,0.5,3.25,3.75,5,4,level_up
s0161,average,5,q_0045,3,Array,2,True,0.5,3.6,3.8,5,4,level_up
s0161,average,6,q_0050,3,Graph,1,False,0.45454545454545453,3.6,3.8,5,4,reinforce
s0161,average,7,q_0048,3,Stack,2,False,0.38461538461538464,3.6,3.8,5,4,reinforce
s0161,average,8,q_0042,3,Dynamic Programming,1,True,0.42857142857142855,3.6666666666666665,3.8333333333333335,4,4,level_up
s0161,average,9,q_0046,3,Queue,1,True,0.4666666666666667,3.2857142857142856,3.857142857142857,1,4,reinforce
s0161,average,10,q_0047,3,Math,3,True,0.4444444444444444,3.5,3.875,5,4,reinforce
s0161,average,11,q_0044,3,Bit Manipulation,3,True,0.42857142857142855,3.4444444444444446,3.888888888888889,3,4,reinforce
s0162,advanced,0,q_0001,1,Array,1,True,1.0,5.0,5.0,5,5,level_up
s0162,advanced,1,q_0032,2,Array,1,True,1.0,4.5,4.5,4,4,level_up
s0162,advanced,2,q_0044,3,Bit Manipulation,1,True,1.0,4.666666666666667,4.333333333333333,5,4,level_up
s0162,advanced,3,q_0042,3,Dynamic Programming,1,True,1.0,4.75,4.5,5,5,level_up
s0162,advanced,4,q_0045,3,Array,1,True,1.0,4.6,4.4,4,4,level_up
s0162,advanced,5,q_0041,3,Memoization,1,True,1.0,4.666666666666667,4.333333333333333,5,4,level_up
s0162,advanced,6,q_0046,3,Queue,1,False,0.8571428571428571,4.666666666666667,4.333333333333333,5,4,reinforce
s0162,advanced,7,q_0043,3,Recursion,2,True,0.7777777777777778,4.714285714285714,4.285714285714286,5,4,level_up
s0162,advanced,8,q_0049,3,Geometry,2,True,0.7272727272727273,4.5,4.375,3,5,reinforce
s0162,advanced,9,q_0047,3,Math,1,True,0.75,4.555555555555555,4.444444444444445,5,5,level_up
s0162,advanced,10,q_0050,3,Graph,4,True,0.625,4.6,4.4,5,4,reinforce
s0162,advanced,11,q_0048,3,Stack,1,True,0.6470588235294118,4.636363636363637,4.454545454545454,5,5,level_up
s0163,fast_improver,0,q_0007,1,Array,1,True,1.0,5.0,4.0,5,4,level_up
s0163,fast_improver,1,q_0033,2,Tree,3,False,0.25,5.0,4.0,5,4,reinforce
s0163,fast_improver,2,q_0021,2,Array,3,False,0.14285714285714285,5.0,4.0,5,4,reinforce
s0163,fast_improver,3,q_0022,2,Array,1,False,0.125,5.0,4.0,5,4,reinforce
s0163,fast_improver,4,q_0031,2,Greedy,2,True,0.2,5.0,3.5,5,3,level_up
s0163,fast_improver,5,q_0046,3,Queue,2,True,0.25,5.0,3.3333333333333335,5,3,level_up
s0163,fast_improver,6,q_0045,3,Array,1,True,0.3076923076923077,5.0,3.75,5,5,level_up
s0163,fast_improver,7,q_0047,3,Math,1,True,0.35714285714285715,5.0,4.0,5,5,level_up
s0163,fast_improver,8,q_0042,3,Dynamic Programming,2,True,0.375,5.0,4.166666666666667,5,5,level_up
s0164,inconsistent,0,q_0016,1,Array,1,True,1.0,5.0,4.0,5,4,level_up
s0164,inconsistent,1,q_0036,2,Hash Table,1,True,1.0,3.0,4.5,1,5,reinforce
s0164,inconsistent,2,q_0035,2,Stack,3,True,0.6,3.0,4.666666666666667,3,5,reinforce
s0164,inconsistent,3,q_0029,2,Array,1,True,0.6666666666666666,3.0,4.25,3,3,reinforce
s0164,inconsistent,4,q_0028,2,Array,1,True,0.7142857142857143,3.4,4.2,5,4,level_up
s0164,inconsistent,5,q_0043,3,Recursion,1,True,0.75,3.0,3.8333333333333335,1,2,reinforce
s0164,inconsistent,6,q_0041,3,Memoization,1,True,0.7777777777777778,2.7142857142857144,4.0,1,5,reinforce
s0164,inconsistent,7,q_0048,3,Stack,1,False,0.7,2.7142857142857144,4.0,1,5,reinforce
s0164,inconsistent,8,q_0049,3,Geometry,1,False,0.6363636363636364,2.7142857142857144,4.0,1,5,reinforce
s0164,inconsistent,9,q_0044,3,Bit Manipulation,3,True,0.5714285714285714,2.5,3.75,1,2,reinforce
s0164,inconsistent,10,q_0045,3,Array,1,True,0.6,2.6666666666666665,3.888888888888889,4,5,level_up
s0164,inconsistent,11,q_0050,3,Graph,1,True,0.625,2.9,3.9,5,4,level_up
s0164,inconsistent,12,q_0047,3,Math,1,True,0.6470588235294118,3.0,3.909090909090909,4,4,level_up
s0164,inconsistent,13,q_0042,3,Dynamic Programming,1,True,0.6666666666666666,3.1666666666666665,3.8333333333333335,5,3,level_up
s0164,inconsistent,14,q_0046,3,Queue,1,True,0.6842105263157895,3.0,3.923076923076923,1,5,reinforce
s0165,struggler,0,q_0017,1,Hash Table,2,True,0.5,1.0,3.0,1,3,reinforce
s0165,struggler,1,q_0016,1,Array,1,True,0.6666666666666666,2.0,2.5,3,2,reinforce
s0165,struggler,2,q_0010,1,Greedy,3,False,0.3333333333333333,2.0,2.5,3,2,reinforce
s0165,struggler,3,q_0018,1,Array,1,True,0.42857142857142855,1.6666666666666667,2.6666666666666665,1,3,reinforce
s0165,struggler,4,q_0020,1,Math,1,True,0.5,2.5,2.5,5,2,level_up
s0165,struggler,5,q_0033,2,Tree,1,True,0.5555555555555556,3.0,2.4,5,2,level_up
s0165,struggler,6,q_0045,3,Array,3,False,0.4166666666666667,3.0,2.4,5,2,reinforce
s0165,struggler,7,q_0043,3,Recursion,2,False,0.35714285714285715,3.0,2.4,5,2,reinforce
s0165,struggler,8,q_0041,3,Memoization,3,True,0.35294117647058826,2.6666666666666665,2.3333333333333335,1,2,reinforce
s0165,struggler,9,q_0042,3,Dynamic Programming,3,True,0.35,2.4285714285714284,2.5714285714285716,1,4,reinforce
s0165,struggler,10,q_0047,3,Math,4,False,0.2916666666666667,2.4285714285714284,2.5714285714285716,1,4,reinforce
s0165,struggler,11,q_0050,3,Graph,1,True,0.32,2.25,2.625,1,3,reinforce
s0166,average,0,q_0016,1,Array,1,True,1.0,3.0,5.0,3,5,level_up
s0166,average,1,q_0026,2,Greedy,1,True,1.0,3.0,3.5,3,2,level_up
s0166,average,2,q_0044,3,Bit Manipulation,1,True,1.0,3.6666666666666665,3.0,5,2,level_up
s0166,average,3,q_0045,3,Array,4,False,0.42857142857142855,3.6666666666666665,3.0,5,2,reinforce
s0166,average,4,q_0041,3,Memoization,1,True,0.5,4.0,3.25,5,4,level_up
s0166,average,5,q_0048,3,Stack,3,True,0.45454545454545453,3.8,3.2,3,3,reinforce
s0166,average,6,q_0050,3,Graph,1,True,0.5,4.0,3.1666666666666665,5,3,level_up
s0166,average,7,q_0046,3,Queue,1,False,0.46153846153846156,4.0,3.1666666666666665,5,3,reinforce
s0166,average,8,q_0049,3,Geometry,1,True,0.5,4.142857142857143,3.2857142857142856,5,4,level_up
s0166,average,9,q_0042,3,Dynamic Programming,3,True,0.47058823529411764,4.25,3.25,5,3,reinforce
s0166,average,10,q_0047,3,Math,2,False,0.42105263157894735,4.25,3.25,5,3,reinforce
s0166,average,11,q_0043,3,Recursion,1,True,0.45,4.333333333333333,3.4444444444444446,5,5,level_up
s0167,advanced,0,q_0007,1,Array,1,True,1.0,5.0,5.0,5,5,level_up
s0167,advanced,1,q_0034,2,Two Pointers,1,True,1.0,5.0,4.5,5,4,level_up
s0167,advanced,2,q_0043,3,Recursion,1,True,1.0,4.333333333333333,4.666666666666667,3,5,level_up
s0167,advanced,3,q_0047,3,Math,1,True,1.0,4.5,4.75,5,5,level_up
s0167,advanced,4,q_0041,3,Memoization,1,True,1.0,4.6,4.8,5,5,level_up
s0167,advanced,5,q_0049,3,Geometry,1,True,1.0,4.5,4.833333333333333,4,5,level_up
s0167,advanced,6,q_0048,3,Stack,1,True,1.0,4.428571428571429,4.714285714285714,4,4,level_up
s0167,advanced,7,q_0042,3,Dynamic Programming,2,True,0.8888888888888888,4.0,4.625,1,4,reinforce
s0167,advanced,8,q_0045,3,Array,2,True,0.8181818181818182,4.111111111111111,4.666666666666667,5,5,level_up
s0167,advanced,9,q_0046,3,Queue,2,True,0.7692307692307693,4.2,4.6,5,4,level_up
s0167,advanced,10,q_0044,3,Bit Manipulation,2,True,0.7333333333333333,4.2727272727272725,4.636363636363637,5,5,level_up
s0167,advanced,11,q_0050,3,Graph,1,True,0.75,4.333333333333333,4.583333333333333,5,4,level_up
s0168,fast_improver,0,q_0014,1,Greedy,3,True,0.3333333333333333,3.0,2.0,3,2,reinforce
s0168,fast_improver,1,q_0015,1,String,1,True,0.5,3.0,3.5,3,5,reinforce
s0168,fast_improver,2,q_0017,1,Hash Table,1,True,0.6,2.3333333333333335,3.6666666666666665,1,4,reinforce
s0168,fast_improver,3,q_0001,1,Array,1,True,0.6666666666666666,2.5,3.25,3,2,reinforce
s0168,fast_improver,4,q_0011,1,Array,1,True,0.7142857142857143,3.0,3.6,5,5,level_up
s0168,fast_improver,5,q_0033,2,Tree,1,False,0.625,3.0,3.6,5,5,reinforce
s0168,fast_improver,6,q_0034,2,Two Pointers,3,True,0.5454545454545454,3.3333333333333335,3.6666666666666665,5,4,reinforce
s0168,fast_improver,7,q_0024,2,Array,1,True,0.5833333333333334,3.5714285714285716,3.857142857142857,5,5,level_up
s0168,fast_improver,8,q_0041,3,Memoization,1,True,0.6153846153846154,3.75,3.875,5,4,level_up
s0168,fast_improver,9,q_0043,3,Recursion,1,True,0.6428571428571429,3.888888888888889,3.7777777777777777,5,3,level_up
s0168,fast_improver,10,q_0048,3,Stack,1,True,0.6666666666666666,4.0,3.8,5,4,level_up
s0168,fast_improver,11,q_0046,3,Queue,2,True,0.6470588235294118,4.0,3.8181818181818183,4,4,level_up
s0169,inconsistent,0,q_0012,1,Hash Table,1,True,1.0,1.0,5.0,1,5,reinforce
s0169,inconsistent,1,q_0009,1,Array,1,True,1.0,2.5,4.0,4,3,level_up
s0169,inconsistent,2,q_0024,2,Array,2,True,0.75,3.3333333333333335,4.333333333333333,5,5,level_up
s0169,inconsistent,3,q_0050,3,Graph,2,False,0.5,3.3333333333333335,4.333333333333333,5,5,reinforce
s0169,inconsistent,4,q_0043,3,Recursion,1,True,0.5714285714285714,3.75,3.75,5,2,level_up
s0169,inconsistent,5,q_0042,3,Dynamic Programming,1,False,0.5,3.75,3.75,5,2,reinforce
s0169,inconsistent,6,q_0047,3,Math,1,True,0.5555555555555556,3.6,4.0,3,5,reinforce
s0169,inconsistent,7,q_0049,3,Geometry,1,True,0.6,3.8333333333333335,4.166666666666667,5,5,level_up
s0170,struggler,0,q_0014,1,Greedy,1,True,1.0,4.0,3.0,4,3,level_up
s0170,struggler,1,q_0035,2,Stack,2,True,0.6666666666666666,3.5,3.5,3,4,reinforce
s0170,struggler,2,q_0029,2,Array,1,True,0.75,2.6666666666666665,3.3333333333333335,1,3,reinforce
s0170,struggler,3,q_0028,2,Array,2,True,0.6666666666666666,2.75,3.25,3,3,reinforce
s0170,struggler,4,q_0039,2,Array,1,True,0.7142857142857143,2.4,3.6,1,5,reinforce
s0170,struggler,5,q_0033,2,Tree,4,False,0.45454545454545453,2.4,3.6,1,5,reinforce
s0170,struggler,6,q_0024,2,Array,2,False,0.38461538461538464,2.4,3.6,1,5,reinforce
s0170,struggler,7,q_0026,2,Greedy,1,True,0.42857142857142855,2.1666666666666665,3.5,1,3,reinforce
s0170,struggler,8,q_0027,2,Array,2,True,0.4375,2.0,3.5714285714285716,1,4,reinforce
s0170,struggler,9,q_0037,2,Array,1,True,0.47058823529411764,1.875,3.75,1,5,reinforce
s0170,struggler,10,q_0036,2,Hash Table,3,False,0.4,1.875,3.75,1,5,reinforce
s0170,struggler,11,q_0021,2,Array,1,True,0.42857142857142855,2.0,3.888888888888889,3,5,reinforce
s0170,struggler,12,q_0034,2,Two Pointers,2,True,0.43478260869565216,2.1,3.9,3,4,reinforce
s0170,struggler,13,q_0040,2,Array,2,True,0.44,2.0,3.909090909090909,1,4,reinforce
s0170,struggler,14,q_0025,2,Math,1,False,0.4230769230769231,2.0,3.909090909090909,1,4,reinforce
s0170,struggler,15,q_0031,2,Greedy,1,True,0.4444444444444444,2.25,3.8333333333333335,5,3,level_up
s0170,struggler,16,q_0045,3,Array,2,False,0.41379310344827586,2.25,3.8333333333333335,5,3,reinforce
s0171,average,0,q_0011,1,Array,1,True,1.0,5.0,2.0,5,2,level_up
s0171,average,1,q_0024,2,Array,1,True,1.0,3.0,3.5,1,5,reinforce
s0171,average,2,q_0023,2,Array,1,True,1.0,3.6666666666666665,3.3333333333333335,5,3,level_up
s0171,average,3,q_0047,3,Math,1,True,1.0,4.0,3.5,5,4,level_up
s0171,average,4,q_0043,3,Recursion,4,False,0.5,4.0,3.5,5,4,reinforce
s0171,average,5,q_0046,3,Queue,2,True,0.5,3.4,3.8,1,5,reinforce
s0171,average,6,q_0050,3,Graph,2,False,0.4166666666666667,3.4,3.8,1,5,reinforce
s0171,average,7,q_0042,3,Dynamic Programming,2,True,0.42857142857142855,3.5,3.5,4,2,level_up
s0171,average,8,q_0041,3,Memoization,1,True,0.4666666666666667,3.7142857142857144,3.5714285714285716,5,4,level_up
s0171,average,9,q_0049,3,Geometry,1,True,0.5,3.875,3.75,5,5,level_up
s0171,average,10,q_0045,3,Array,1,True,0.5294117647058824,3.888888888888889,3.888888888888889,4,5,level_up
s0171,average,11,q_0048,3,Stack,1,True,0.5555555555555556,3.8,4.0,3,5,reinforce
s0171,average,12,q_0044,3,Bit Manipulation,1,True,0.5789473684210527,3.727272727272727,4.0,3,4,reinforce
s0172,advanced,0,q_0010,1,Greedy,1,True,1.0,5.0,5.0,5,5,level_up
s0172,advanced,1,q_0031,2,Greedy,1,True,1.0,4.5,4.0,4,3,level_up
s0172,advanced,2,q_0044,3,Bit Manipulation,1,True,1.0,4.333333333333333,4.333333333333333,4,5,level_up
s0172,advanced,3,q_0043,3,Recursion,1,True,1.0,4.5,4.5,5,5,level_up
s0172,advanced,4,q_0049,3,Geometry,3,False,0.5714285714285714,4.5,4.5,5,5,reinforce
s0172,advanced,5,q_0047,3,Math,1,True,0.625,4.6,4.6,5,5,level_up
s0172,advanced,6,q_0042,3,Dynamic Programming,2,True,0.6,4.666666666666667,4.5,5,4,level_up
s0172,advanced,7,q_0048,3,Stack,2,False,0.5,4.666666666666667,4.5,5,4,reinforce
s0172,advanced,8,q_0046,3,Queue,1,True,0.5384615384615384,4.714285714285714,4.571428571428571,5,5,level_up
s0172,advanced,9,q_0041,3,Memoization,2,True,0.5333333333333333,4.5,4.5,3,4,reinforce
s0172,advanced,10,q_0050,3,Graph,1,False,0.5,4.5,4.5,3,4,reinforce
s0172,advanced,11,q_0045,3,Array,1,False,0.47058823529411764,4.5,4.5,3,4,reinforce
s0173,fast_improver,0,q_0004,1,String,2,True,0.5,1.0,3.0,1,3,reinforce
s0173,fast_improver,1,q_0010,1,Greedy,3,True,0.4,2.5,3.5,4,4,reinforce
s0173,fast_improver,2,q_0015,1,String,2,True,0.42857142857142855,2.0,3.0,1,2,reinforce
s0173,fast_improver,3,q_0002,1,Array,1,True,0.5,2.5,3.5,4,5,level_up
s0173,fast_improver,4,q_0023,2,Array,1,True,0.5555555555555556,2.2,3.6,1,4,reinforce
s0173,fast_improver,5,q_0035,2,Stack,1,False,0.5,2.2,3.6,1,4,reinforce
s0173,fast_improver,6,q_0036,2,Hash Table,3,True,0.46153846153846156,2.5,3.5,4,3,reinforce
s0173,fast_improver,7,q_0027,2,Array,1,True,0.5,2.857142857142857,3.2857142857142856,5,2,level_up
s0173,fast_improver,8,q_0044,3,Bit Manipulation,1,True,0.5333333333333333,2.625,3.375,1,4,reinforce
s0173,fast_improver,9,q_0045,3,Array,2,True,0.5294117647058824,2.888888888888889,3.5555555555555554,5,5,level_up
s0173,fast_improver,10,q_0046,3,Queue,3,True,0.5,3.1,3.6,5,4,reinforce
s0173,fast_improver,11,q_0050,3,Graph,1,True,0.5238095238095238,3.272727272727273,3.727272727272727,5,5,level_up
s0173,fast_improver,12,q_0047,3,Math,1,True,0.5454545454545454,3.4166666666666665,3.75,5,4,level_up
s0173,fast_improver,13,q_0042,3,Dynamic Programming,1,True,0.5652173913043478,3.4615384615384617,3.769230769230769,4,4,level_up
s0173,fast_improver,14,q_0049,3,Geometry,1,True,0.5833333333333334,3.5714285714285716,3.857142857142857,5,5,level_up
s0173,fast_improver,15,q_0048,3,Stack,1,True,0.6,3.6,3.933333333333333,4,5,level_up
s0173,fast_improver,16,q_0041,3,Memoization,1,True,0.6153846153846154,3.625,3.9375,4,4,level_up
s0174,inconsistent,0,q_0009,1,Array,1,True,1.0,3.0,4.0,3,4,level_up
s0174,inconsistent,1,q_0036,2,Hash Table,1,True,1.0,4.0,4.0,5,4,level_up
s0174,inconsistent,2,q_0042,3,Dynamic Programming,1,False,0.6666666666666666,4.0,4.0,5,4,reinforce
s0174,inconsistent,3,q_0046,3,Queue,3,False,0.3333333333333333,4.0,4.0,5,4,reinforce
s0174,inconsistent,4,q_0044,3,Bit Manipulation,1,True,0.42857142857142855,3.0,4.333333333333333,1,5,reinforce
s0174,inconsistent,5,q_0041,3,Memoization,2,True,0.4444444444444444,3.25,4.0,4,3,level_up
s0174,inconsistent,6,q_0048,3,Stack,2,True,0.45454545454545453,3.2,4.0,3,4,reinforce
s0174,inconsistent,7,q_0050,3,Graph,2,True,0.46153846153846156,3.1666666666666665,3.8333333333333335,3,3,reinforce
s0174,inconsistent,8,q_0047,3,Math,2,True,0.4666666666666667,3.4285714285714284,3.5714285714285716,5,2,level_up
s0174,inconsistent,9,q_0045,3,Array,2,True,0.47058823529411764,3.375,3.75,3,5,reinforce
s0174,inconsistent,10,q_0049,3,Geometry,1,True,0.5,3.3333333333333335,3.7777777777777777,3,4,reinforce
s0174,inconsistent,11,q_0043,3,Recursion,1,False,0.47368421052631576,3.3333333333333335,3.7777777777777777,3,4,reinforce
s0175,struggler,0,q_0013,1,Two Pointers,1,True,1.0,1.0,3.0,1,3,reinforce
s0175,struggler,1,q_0016,1,Array,1,True,1.0,2.0,2.5,3,2,level_up
s0175,struggler,2,q_0022,2,Array,2,False,0.5,2.0,2.5,3,2,reinforce
s0175,struggler,3,q_0036,2,Hash Table,1,False,0.4,2.0,2.5,3,2,reinforce
s0175,struggler,4,q_0025,2,Math,2,False,0.2857142857142857,2.0,2.5,3,2,reinforce
s0175,struggler,5,q_0021,2,Array,1,False,0.25,2.0,2.5,3,2,reinforce
s0175,struggler,6,q_0030,2,Array,3,False,0.18181818181818182,2.0,2.5,3,2,reinforce
s0175,struggler,7,q_0039,2,Array,1,False,0.16666666666666666,2.0,2.5,3,2,reinforce
s0175,struggler,8,q_0031,2,Greedy,1,True,0.23076923076923078,2.3333333333333335,2.6666666666666665,3,3,reinforce
s0175,struggler,9,q_0027,2,Array,1,False,0.21428571428571427,2.3333333333333335,2.6666666666666665,3,3,reinforce
s0175,struggler,10,q_0023,2,Array,1,True,0.26666666666666666,2.75,2.75,4,3,level_up
s0175,struggler,11,q_0045,3,Array,1,True,0.3125,2.8,2.8,3,3,reinforce
s0175,struggler,12,q_0047,3,Math,4,False,0.25,2.8,2.8,3,3,reinforce
s0175,struggler,13,q_0041,3,Memoization,1,False,0.23809523809523808,2.8,2.8,3,3,reinforce
s0175,struggler,14,q_0046,3,Queue,4,False,0.2,2.8,2.8,3,3,reinforce
s0175,struggler,15,q_0042,3,Dynamic Programming,3,True,0.21428571428571427,2.5,2.6666666666666665,1,2,reinforce
s0175,struggler,16,q_0050,3,Graph,3,True,0.22580645161290322,2.7142857142857144,2.5714285714285716,4,2,reinforce
s0175,struggler,17,q_0044,3,Bit Manipulation,4,False,0.2,2.7142857142857144,2.5714285714285716,4,2,reinforce
s0175,struggler,18,q_0049,3,Geometry,1,False,0.19444444444444445,2.7142857142857144,2.5714285714285716,4,2,reinforce
s0175,struggler,19,q_0048,3,Stack,1,True,0.21621621621621623,2.75,2.75,3,4,reinforce
s0176,average,0,q_0003,1,Array,1,True,1.0,1.0,4.0,1,4,reinforce
s0176,average,1,q_0013,1,Two Pointers,1,True,1.0,2.0,4.0,3,4,level_up
s0176,average,2,q_0033,2,Tree,1,True,1.0,1.6666666666666667,4.333333333333333,1,5,reinforce
s0176,average,3,q_0032,2,Array,3,False,0.5,1.6666666666666667,4.333333333333333,1,5,reinforce
s0176,average,4,q_0040,2,Array,2,False,0.375,1.6666666666666667,4.333333333333333,1,5,reinforce
s0176,average,5,q_0034,2,Two Pointers,1,True,0.4444444444444444,2.0,4.25,3,4,reinforce
s0176,average,6,q_0039,2,Array,4,False,0.3076923076923077,2.0,4.25,3,4,reinforce
s0176,average,7,q_0030,2,Array,2,True,0.3333333333333333,2.2,4.4,3,5,reinforce
s0176,average,8,q_0025,2,Math,1,True,0.375,2.5,4.5,4,5,level_up
s0176,average,9,q_0049,3,Geometry,3,False,0.3157894736842105,2.5,4.5,4,5,reinforce
s0176,average,10,q_0050,3,Graph,1,True,0.35,2.7142857142857144,4.285714285714286,4,3,level_up
s0176,average,11,q_0044,3,Bit Manipulation,1,True,0.38095238095238093,2.75,4.125,3,3,reinforce
s0176,average,12,q_0047,3,Math,1,True,0.4090909090909091,2.5555555555555554,4.222222222222222,1,5,reinforce
s0176,average,13,q_0042,3,Dynamic Programming,2,False,0.375,2.5555555555555554,4.222222222222222,1,5,reinforce
s0176,average,14,q_0045,3,Array,3,True,0.37037037037037035,2.8,4.2,5,4,reinforce
s0176,average,15,q_0041,3,Memoization,1,True,0.39285714285714285,3.0,4.2727272727272725,5,5,level_up
s0176,average,16,q_0048,3,Stack,3,True,0.3870967741935484,3.1666666666666665,4.25,5,4,reinforce
s0176,average,17,q_0046,3,Queue,1,True,0.40625,3.3076923076923075,4.230769230769231,5,4,level_up
s0177,advanced,0,q_0011,1,Array,1,True,1.0,5.0,5.0,5,5,level_up
s0177,advanced,1,q_0023,2,Array,1,True,1.0,5.0,4.0,5,3,level_up
s0177,advanced,2,q_0048,3,Stack,2,True,0.75,4.666666666666667,4.333333333333333,4,5,level_up
s0177,advanced,3,q_0045,3,Array,1,False,0.6,4.666666666666667,4.333333333333333,4,5,reinforce
s0177,advanced,4,q_0049,3,Geometry,1,True,0.6666666666666666,4.75,4.5,5,5,level_up
s0177,advanced,5,q_0044,3,Bit Manipulation,1,True,0.7142857142857143,4.8,4.6,5,5,level_up
s0177,advanced,6,q_0047,3,Math,1,True,0.75,4.666666666666667,4.5,4,4,level_up
s0177,advanced,7,q_0043,3,Recursion,1,True,0.7777777777777778,4.571428571428571,4.571428571428571,4,5,level_up
s0177,advanced,8,q_0050,3,Graph,1,False,0.7,4.571428571428571,4.571428571428571,4,5,reinforce
s0177,advanced,9,q_0041,3,Memoization,1,True,0.7272727272727273,4.5,4.5,4,4,level_up
s0177,advanced,10,q_0042,3,Dynamic Programming,1,False,0.6666666666666666,4.5,4.5,4,4,reinforce
s0177,advanced,11,q_0046,3,Queue,1,True,0.6923076923076923,4.555555555555555,4.555555555555555,5,5,level_up
s0178,fast_improver,0,q_0003,1,Array,2,True,0.5,1.0,3.0,1,3,reinforce
s0178,fast_improver,1,q_0008,1,Math,1,True,0.6666666666666666,2.0,2.5,3,2,reinforce
s0178,fast_improver,2,q_0016,1,Array,1,False,0.5,2.0,2.5,3,2,reinforce
s0178,fast_improver,3,q_0007,1,Array,2,True,0.5,2.3333333333333335,2.6666666666666665,3,3,reinforce
s0178,fast_improver,4,q_0013,1,Two Pointers,1,True,0.5714285714285714,3.0,2.5,5,2,level_up
s0178,fast_improver,5,q_0028,2,Array,1,True,0.625,3.4,2.4,5,2,level_up
s0178,fast_improver,6,q_0042,3,Dynamic Programming,2,True,0.6,3.6666666666666665,2.6666666666666665,5,4,level_up
s0178,fast_improver,7,q_0047,3,Math,1,True,0.6363636363636364,3.857142857142857,2.7142857142857144,5,3,level_up
s0178,fast_improver,8,q_0044,3,Bit Manipulation,1,True,0.6666666666666666,3.875,2.875,4,4,level_up
s0178,fast_improver,9,q_0048,3,Stack,2,True,0.6428571428571429,4.0,2.888888888888889,5,3,level_up
s0178,fast_improver,10,q_0049,3,Geometry,1,True,0.6666666666666666,4.0,2.9,4,3,level_up
s0178,fast_improver,11,q_0043,3,Recursion,1,True,0.6875,4.0,3.090909090909091,4,5,level_up
s0178,fast_improver,12,q_0041,3,Memoization,1,False,0.6470588235294118,4.0,3.090909090909091,4,5,reinforce
s0179,inconsistent,0,q_0011,1,Array,1,True,1.0,3.0,3.0,3,3,level_up
s0179,inconsistent,1,q_0028,2,Array,1,True,1.0,4.0,2.5,5,2,level_up
s0179,inconsistent,2,q_0048,3,Stack,1,False,0.6666666666666666,4.0,2.5,5,2,reinforce
s0179,inconsistent,3,q_0046,3,Queue,1,True,0.75,4.333333333333333,2.6666666666666665,5,3,level_up
s0179,inconsistent,4,q_0041,3,Memoization,1,False,0.6,4.333333333333333,2.6666666666666665,5,3,reinforce
s0179,inconsistent,5,q_0045,3,Array,1,True,0.6666666666666666,4.5,2.75,5,3,level_up
s0179,inconsistent,6,q_0049,3,Geometry,2,True,0.625,4.6,3.2,5,5,level_up
s0179,inconsistent,7,q_0044,3,Bit Manipulation,4,False,0.4166666666666667,4.6,3.2,5,5,reinforce
s0179,inconsistent,8,q_0043,3,Recursion,3,False,0.3333333333333333,4.6,3.2,5,5,reinforce
s0179,inconsistent,9,q_0042,3,Dynamic Programming,1,False,0.3125,4.6,3.2,5,5,reinforce
s0179,inconsistent,10,q_0047,3,Math,1,True,0.35294117647058826,4.666666666666667,3.3333333333333335,5,4,level_up
s0179,inconsistent,11,q_0050,3,Graph,1,True,0.3888888888888889,4.714285714285714,3.4285714285714284,5,4,level_up
s0180,struggler,0,q_0007,1,Array,1,True,1.0,1.0,2.0,1,2,reinforce
s0180,struggler,1,q_0005,1,Stack,1,True,1.0,2.0,2.0,3,2,level_up
s0180,struggler,2,q_0028,2,Array,1,False,0.6666666666666666,2.0,2.0,3,2,reinforce
s0180,struggler,3,q_0040,2,Array,1,True,0.75,2.3333333333333335,2.6666666666666665,3,4,level_up
s0180,struggler,4,q_0048,3,Stack,1,True,0.8,2.0,3.0,1,4,reinforce
s0180,struggler,5,q_0050,3,Graph,2,False,0.5714285714285714,2.0,3.0,1,4,reinforce
s0180,struggler,6,q_0043,3,Recursion,3,False,0.4,2.0,3.0,1,4,reinforce
s0180,struggler,7,q_0041,3,Memoization,2,False,0.3333333333333333,2.0,3.0,1,4,reinforce
s0180,struggler,8,q_0044,3,Bit Manipulation,1,False,0.3076923076923077,2.0,3.0,1,4,reinforce
s0180,struggler,9,q_0049,3,Geometry,4,False,0.23529411764705882,2.0,3.0,1,4,reinforce
s0180,struggler,10,q_0046,3,Queue,1,True,0.2777777777777778,2.2,3.2,3,4,reinforce
s0180,struggler,11,q_0047,3,Math,4,False,0.22727272727272727,2.2,3.2,3,4,reinforce
s0180,struggler,12,q_0045,3,Array,2,True,0.25,2.3333333333333335,3.0,3,2,reinforce
s0181,average,0,q_0005,1,Stack,1,True,1.0,4.0,5.0,4,5,level_up
s0181,average,1,q_0030,2,Array,1,True,1.0,2.5,4.5,1,4,reinforce
s0181,average,2,q_0026,2,Greedy,1,True,1.0,2.6666666666666665,4.0,3,3,level_up
s0181,average,3,q_0041,3,Memoization,1,True,1.0,2.75,3.75,3,3,level_up
s0181,average,4,q_0043,3,Recursion,1,True,1.0,2.4,3.8,1,4,reinforce
s0181,average,5,q_0046,3,Queue,2,True,0.8571428571428571,2.8333333333333335,4.0,5,5,level_up
s0181,average,6,q_0042,3,Dynamic Programming,1,False,0.75,2.8333333333333335,4.0,5,5,reinforce
s0181,average,7,q_0045,3,Array,4,False,0.5,2.8333333333333335,4.0,5,5,reinforce
s0181,average,8,q_0044,3,Bit Manipulation,4,False,0.375,2.8333333333333335,4.0,5,5,reinforce
s0181,average,9,q_0049,3,Geometry,1,False,0.35294117647058826,2.8333333333333335,4.0,5,5,reinforce
s0181,average,10,q_0050,3,Graph,1,True,0.3888888888888889,2.857142857142857,4.0,3,4,reinforce
s0181,average,11,q_0048,3,Stack,1,True,0.42105263157894735,2.625,3.875,1,3,reinforce
s0181,average,12,q_0047,3,Math,1,True,0.45,2.888888888888889,3.888888888888889,5,4,level_up
s0182,advanced,0,q_0008,1,Math,1,True,1.0,4.0,4.0,4,4,level_up
s0182,advanced,1,q_0031,2,Greedy,1,True,1.0,4.5,4.5,5,5,level_up
s0182,advanced,2,q_0041,3,Memoization,1,True,1.0,4.0,4.0,3,3,level_up
s0182,advanced,3,q_0045,3,Array,2,True,0.8,4.25,4.0,5,4,level_up
s0182,advanced,4,q_0046,3,Queue,2,True,0.7142857142857143,4.4,3.8,5,3,level_up
s0182,advanced,5,q_0043,3,Recursion,1,True,0.75,4.5,3.6666666666666665,5,3,level_up
s0182,advanced,6,q_0050,3,Graph,1,True,0.7777777777777778,4.571428571428571,3.857142857142857,5,5,level_up
s0182,advanced,7,q_0047,3,Math,2,True,0.7272727272727273,4.625,3.875,5,4,level_up
s0182,advanced,8,q_0042,3,Dynamic Programming,1,True,0.75,4.666666666666667,4.0,5,5,level_up
s0182,advanced,9,q_0049,3,Geometry,1,True,0.7692307692307693,4.5,4.1,3,5,level_up
s0182,advanced,10,q_0044,3,Bit Manipulation,2,True,0.7333333333333333,4.545454545454546,4.090909090909091,5,4,level_up
s0182,advanced,11,q_0048,3,Stack,1,True,0.75,4.583333333333333,4.083333333333333,5,4,level_up
s0183,fast_improver,0,q_0007,1,Array,2,True,0.5,1.0,3.0,1,3,reinforce
s0183,fast_improver,1,q_0003,1,Array,1,True,0.6666666666666666,2.5,3.5,4,4,level_up
s0183,fast_improver,2,q_0035,2,Stack,1,True,0.75,3.3333333333333335,3.6666666666666665,5,4,level_up
s0183,fast_improver,3,q_0048,3,Stack,1,True,0.8,3.5,3.5,4,3,level_up
s0183,fast_improver,4,q_0042,3,Dynamic Programming,2,True,0.7142857142857143,3.0,3.2,1,2,reinforce
s0183,fast_improver,5,q_0044,3,Bit Manipulation,1,False,0.625,3.0,3.2,1,2,reinforce
s0183,fast_improver,6,q_0046,3,Queue,3,False,0.45454545454545453,3.0,3.2,1,2,reinforce
s0183,fast_improver,7,q_0047,3,Math,1,True,0.5,2.6666666666666665,3.5,1,5,reinforce
s0183,fast_improver,8,q_0049,3,Geometry,1,True,0.5384615384615384,3.0,3.4285714285714284,5,3,level_up
s0183,fast_improver,9,q_0041,3,Memoization,2,True,0.5333333333333333,3.25,3.5,5,4,level_up
s0183,fast_improver,10,q_0050,3,Graph,2,True,0.5294117647058824,3.3333333333333335,3.5555555555555554,4,4,level_up
s0183,fast_improver,11,q_0045,3,Array,1,True,0.5555555555555556,3.5,3.6,5,4,level_up
s0184,inconsistent,0,q_0009,1,Array,3,True,0.3333333333333333,1.0,4.0,1,4,reinforce
s0184,inconsistent,1,q_0007,1,Array,1,True,0.5,3.0,3.0,5,2,level_up
s0184,inconsistent,2,q_0023,2,Array,2,True,0.5,3.6666666666666665,3.6666666666666665,5,5,level_up
s0184,inconsistent,3,q_0049,3,Geometry,2,False,0.375,3.6666666666666665,3.6666666666666665,5,5,reinforce
s0184,inconsistent,4,q_0043,3,Recursion,1,True,0.4444444444444444,3.0,3.25,1,2,reinforce
s0184,inconsistent,5,q_0045,3,Array,1,False,0.4,3.0,3.25,1,2,reinforce
s0184,inconsistent,6,q_0047,3,Math,3,True,0.38461538461538464,3.4,3.2,5,3,reinforce
s0184,inconsistent,7,q_0048,3,Stack,2,True,0.4,3.6666666666666665,3.0,5,2,level_up
s0184,inconsistent,8,q_0046,3,Queue,1,True,0.4375,3.857142857142857,3.142857142857143,5,4,level_up
s0184,inconsistent,9,q_0050,3,Graph,1,False,0.4117647058823529,3.857142857142857,3.142857142857143,5,4,reinforce
s0184,inconsistent,10,q_0042,3,Dynamic Programming,2,False,0.3684210526315789,3.857142857142857,3.142857142857143,5,4,reinforce
s0185,struggler,0,q_0013,1,Two Pointers,1,True,1.0,1.0,4.0,1,4,reinforce
s0185,struggler,1,q_0006,1,Array,2,True,0.6666666666666666,1.0,3.0,1,2,reinforce
s0185,struggler,2,q_0005,1,Stack,1,True,0.75,1.0,3.0,1,3,reinforce
s0185,struggler,3,q_0020,1,Math,2,True,0.6666666666666666,1.75,3.25,4,4,level_up
s0185,struggler,4,q_0022,2,Array,1,False,0.5714285714285714,1.75,3.25,4,4,reinforce
s0185,struggler,5,q_0035,2,Stack,1,True,0.625,1.6,3.4,1,4,reinforce
s0185,struggler,6,q_0032,2,Array,2,True,0.6,2.0,3.5,4,4,level_up
s0185,struggler,7,q_0043,3,Recursion,3,False,0.46153846153846156,2.0,3.5,4,4,reinforce
s0185,struggler,8,q_0041,3,Memoization,4,True,0.4117647058823529,2.4285714285714284,3.4285714285714284,5,3,reinforce
s0185,struggler,9,q_0047,3,Math,4,False,0.3333333333333333,2.4285714285714284,3.4285714285714284,5,3,reinforce
s0185,struggler,10,q_0048,3,Stack,2,False,0.30434782608695654,2.4285714285714284,3.4285714285714284,5,3,reinforce
s0185,struggler,11,q_0050,3,Graph,2,False,0.28,2.4285714285714284,3.4285714285714284,5,3,reinforce
s0185,struggler,12,q_0042,3,Dynamic Programming,1,False,0.2692307692307692,2.4285714285714284,3.4285714285714284,5,3,reinforce
s0185,struggler,13,q_0045,3,Array,1,False,0.25925925925925924,2.4285714285714284,3.4285714285714284,5,3,reinforce
s0185,struggler,14,q_0049,3,Geometry,1,True,0.2857142857142857,2.25,3.25,1,2,reinforce
s0185,struggler,15,q_0046,3,Queue,3,False,0.25806451612903225,2.25,3.25,1,2,reinforce
s0185,struggler,16,q_0044,3,Bit Manipulation,3,False,0.23529411764705882,2.25,3.25,1,2,reinforce
s0186,average,0,q_0005,1,Stack,1,True,1.0,3.0,5.0,3,5,level_up
s0186,average,1,q_0025,2,Math,1,True,1.0,3.0,4.5,3,4,level_up
s0186,average,2,q_0045,3,Array,2,True,0.75,3.0,4.666666666666667,3,5,level_up
s0186,average,3,q_0041,3,Memoization,3,True,0.5714285714285714,2.5,4.0,1,2,reinforce
s0186,average,4,q_0042,3,Dynamic Programming,1,False,0.5,2.5,4.0,1,2,reinforce
s0186,average,5,q_0044,3,Bit Manipulation,2,True,0.5,2.6,3.8,3,3,reinforce
s0186,average,6,q_0043,3,Recursion,3,False,0.38461538461538464,2.6,3.8,3,3,reinforce
s0186,average,7,q_0047,3,Math,2,True,0.4,3.0,3.8333333333333335,5,4,level_up
s0186,average,8,q_0046,3,Queue,1,True,0.4375,3.142857142857143,3.857142857142857,4,4,level_up
s0186,average,9,q_0048,3,Stack,2,False,0.3888888888888889,3.142857142857143,3.857142857142857,4,4,reinforce
s0186,average,10,q_0050,3,Graph,3,False,0.3333333333333333,3.142857142857143,3.857142857142857,4,4,reinforce
s0186,average,11,q_0049,3,Geometry,1,False,0.3181818181818182,3.142857142857143,3.857142857142857,4,4,reinforce
s0187,advanced,0,q_0007,1,Array,1,True,1.0,5.0,5.0,5,5,level_up
s0187,advanced,1,q_0037,2,Array,1,True,1.0,5.0,5.0,5,5,level_up
s0187,advanced,2,q_0043,3,Recursion,2,True,0.75,4.666666666666667,4.666666666666667,4,4,level_up
s0187,advanced,3,q_0050,3,Graph,3,True,0.5714285714285714,4.75,4.5,5,4,reinforce
s0187,advanced,4,q_0047,3,Math,1,False,0.5,4.75,4.5,5,4,reinforce
s0187,advanced,5,q_0045,3,Array,1,True,0.5555555555555556,4.8,4.4,5,4,level_up
s0187,advanced,6,q_0042,3,Dynamic Programming,1,True,0.6,4.833333333333333,4.5,5,5,level_up
s0187,advanced,7,q_0046,3,Queue,1,True,0.6363636363636364,4.714285714285714,4.571428571428571,4,5,level_up
s0187,advanced,8,q_0049,3,Geometry,2,True,0.6153846153846154,4.625,4.5,4,4,level_up
s0187,advanced,9,q_0041,3,Memoization,1,True,0.6428571428571429,4.666666666666667,4.555555555555555,5,5,level_up
s0187,advanced,10,q_0048,3,Stack,1,True,0.6666666666666666,4.7,4.4,5,3,level_up
s0187,advanced,11,q_0044,3,Bit Manipulation,1,True,0.6875,4.545454545454546,4.363636363636363,3,4,reinforce
s0188,fast_improver,0,q_0014,1,Greedy,1,True,1.0,1.0,4.0,1,4,reinforce
s0188,fast_improver,1,q_0002,1,Array,2,True,0.6666666666666666,3.0,3.0,5,2,level_up
s0188,fast_improver,2,q_0027,2,Array,1,True,0.75,2.3333333333333335,2.6666666666666665,1,2,reinforce
s0188,fast_improver,3,q_0033,2,Tree,2,True,0.6666666666666666,3.0,2.75,5,3,level_up
s0188,fast_improver,4,q_0047,3,Math,3,False,0.4444444444444444,3.0,2.75,5,3,reinforce
s0188,fast_improver,5,q_0042,3,Dynamic Programming,4,False,0.3076923076923077,3.0,2.75,5,3,reinforce
s0188,fast_improver,6,q_0044,3,Bit Manipulation,2,True,0.3333333333333333,2.6,3.0,1,4,reinforce
s0188,fast_improver,7,q_0045,3,Array,1,True,0.375,3.0,3.1666666666666665,5,4,level_up
s0188,fast_improver,8,q_0050,3,Graph,2,True,0.3888888888888889,3.142857142857143,3.4285714285714284,4,5,level_up
s0188,fast_improver,9,q_0048,3,Stack,1,True,0.42105263157894735,3.25,3.625,4,5,level_up
s0188,fast_improver,10,q_0043,3,Recursion,2,True,0.42857142857142855,3.3333333333333335,3.6666666666666665,4,4,level_up
s0188,fast_improver,11,q_0046,3,Queue,1,True,0.45454545454545453,3.4,3.6,4,3,level_up
s0188,fast_improver,12,q_0041,3,Memoization,1,True,0.4782608695652174,3.5454545454545454,3.5454545454545454,5,3,level_up
s0188,fast_improver,13,q_0049,3,Geometry,1,True,0.5,3.6666666666666665,3.6666666666666665,5,5,level_up
s0189,inconsistent,0,q_0001,1,Array,1,True,1.0,1.0,4.0,1,4,reinforce
s0189,inconsistent,1,q_0008,1,Math,1,True,1.0,3.0,4.0,5,4,level_up
s0189,inconsistent,2,q_0034,2,Two Pointers,1,True,1.0,3.0,4.333333333333333,3,5,level_up
s0189,inconsistent,3,q_0044,3,Bit Manipulation,4,False,0.42857142857142855,3.0,4.333333333333333,3,5,reinforce
s0189,inconsistent,4,q_0048,3,Stack,3,False,0.3,3.0,4.333333333333333,3,5,reinforce
s0189,inconsistent,5,q_0042,3,Dynamic Programming,1,False,0.2727272727272727,3.0,4.333333333333333,3,5,reinforce
s0189,inconsistent,6,q_0050,3,Graph,1,True,0.3333333333333333,2.5,4.25,1,4,reinforce
s0189,inconsistent,7,q_0046,3,Queue,1,False,0.3076923076923077,2.5,4.25,1,4,reinforce
s0189,inconsistent,8,q_0043,3,Recursion,1,True,0.35714285714285715,2.8,4.0,4,3,level_up
s0189,inconsistent,9,q_0047,3,Math,1,True,0.4,3.1666666666666665,4.0,5,4,level_up
s0189,inconsistent,10,q_0041,3,Memoization,3,False,0.3333333333333333,3.1666666666666665,4.0,5,4,reinforce
s0189,inconsistent,11,q_0049,3,Geometry,3,False,0.2857142857142857,3.1666666666666665,4.0,5,4,reinforce
s0190,struggler,0,q_0009,1,Array,2,True,0.5,1.0,2.0,1,2,reinforce
s0190,struggler,1,q_0018,1,Array,1,True,0.6666666666666666,2.5,2.0,4,2,level_up
s0190,struggler,2,q_0030,2,Array,2,False,0.4,2.5,2.0,4,2,reinforce
s0190,struggler,3,q_0037,2,Array,3,False,0.25,2.5,2.0,4,2,reinforce
s0190,struggler,4,q_0035,2,Stack,2,False,0.2,2.5,2.0,4,2,reinforce
s0190,struggler,5,q_0038,2,Union Find,1,True,0.2727272727272727,2.6666666666666665,2.6666666666666665,3,4,reinforce
s0190,struggler,6,q_0027,2,Array,1,False,0.25,2.6666666666666665,2.6666666666666665,3,4,reinforce
s0190,struggler,7,q_0039,2,Array,1,True,0.3076923076923077,2.75,2.75,3,3,reinforce
s0190,struggler,8,q_0034,2,Two Pointers,2,True,0.3333333333333333,2.4,3.2,1,5,reinforce
s0190,struggler,9,q_0033,2,Tree,1,True,0.375,2.5,3.0,3,2,reinforce
s0190,struggler,10,q_0025,2,Math,1,True,0.4117647058823529,2.2857142857142856,3.0,1,3,reinforce
s0190,struggler,11,q_0031,2,Greedy,2,True,0.42105263157894735,2.125,3.0,1,3,reinforce
s0190,struggler,12,q_0023,2,Array,2,False,0.38095238095238093,2.125,3.0,1,3,reinforce
s0190,struggler,13,q_0040,2,Array,4,False,0.32,2.125,3.0,1,3,reinforce
s0190,struggler,14,q_0022,2,Array,2,False,0.2962962962962963,2.125,3.0,1,3,reinforce
s0190,struggler,15,q_0029,2,Array,1,True,0.32142857142857145,2.3333333333333335,3.111111111111111,4,4,level_up
s0190,struggler,16,q_0050,3,Graph,1,True,0.3448275862068966,2.2,3.1,1,3,reinforce
s0190,struggler,17,q_0045,3,Array,3,False,0.3125,2.2,3.1,1,3,reinforce
s0190,struggler,18,q_0046,3,Queue,1,False,0.30303030303030304,2.2,3.1,1,3,reinforce
s0191,average,0,q_0013,1,Two Pointers,1,True,1.0,5.0,4.0,5,4,level_up
s0191,average,1,q_0040,2,Array,1,True,1.0,3.0,4.0,1,4,reinforce
s0191,average,2,q_0025,2,Math,1,True,1.0,3.0,4.333333333333333,3,5,level_up
s0191,average,3,q_0045,3,Array,2,False,0.6,3.0,4.333333333333333,3,5,reinforce
s0191,average,4,q_0041,3,Memoization,1,True,0.6666666666666666,3.5,4.0,5,3,level_up
s0191,average,5,q_0049,3,Geometry,2,True,0.625,3.4,3.8,3,3,reinforce
s0191,average,6,q_0043,3,Recursion,2,True,0.6,3.6666666666666665,3.6666666666666665,5,3,level_up
s0191,average,7,q_0044,3,Bit Manipulation,1,True,0.6363636363636364,3.5714285714285716,3.4285714285714284,3,2,reinforce
s0191,average,8,q_0046,3,Queue,3,True,0.5714285714285714,3.625,3.375,4,3,reinforce
s0191,average,9,q_0047,3,Math,1,True,0.6,3.5555555555555554,3.5555555555555554,3,5,reinforce
s0191,average,10,q_0042,3,Dynamic Programming,1,True,0.625,3.7,3.6,5,4,level_up
s0191,average,11,q_0050,3,Graph,1,True,0.6470588235294118,3.727272727272727,3.727272727272727,4,5,level_up
s0192,advanced,0,q_0008,1,Math,1,True,1.0,3.0,5.0,3,5,level_up
s0192,advanced,1,q_0030,2,Array,1,True,1.0,4.0,5.0,5,5,level_up
s0192,advanced,2,q_0041,3,Memoization,1,True,1.0,4.333333333333333,4.333333333333333,5,3,level_up
s0192,advanced,3,q_0046,3,Queue,2,False,0.6,4.333333333333333,4.333333333333333,5,3,reinforce
s0192,advanced,4,q_0047,3,Math,1,True,0.6666666666666666,4.5,4.25,5,4,level_up
s0192,advanced,5,q_0049,3,Geometry,1,True,0.7142857142857143,4.6,4.2,5,4,level_up
s0192,advanced,6,q_0045,3,Array,1,True,0.75,4.666666666666667,4.333333333333333,5,5,level_up
s0192,advanced,7,q_0042,3,Dynamic Programming,1,False,0.6666666666666666,4.666666666666667,4.333333333333333,5,5,reinforce
s0192,advanced,8,q_0044,3,Bit Manipulation,2,True,0.6363636363636364,4.428571428571429,4.428571428571429,3,5,reinforce
s0192,advanced,9,q_0048,3,Stack,1,True,0.6666666666666666,4.5,4.5,5,5,level_up
s0192,advanced,10,q_0050,3,Graph,1,True,0.6923076923076923,4.555555555555555,4.444444444444445,5,4,level_up
s0192,advanced,11,q_0043,3,Recursion,1,False,0.6428571428571429,4.555555555555555,4.444444444444445,5,4,reinforce
s0193,fast_improver,0,q_0016,1,Array,2,True,0.5,1.0,2.0,1,2,reinforce
s0193,fast_improver,1,q_0001,1,Array,2,True,0.5,1.0,2.0,1,2,reinforce
s0193,fast_improver,2,q_0014,1,Greedy,1,True,0.6,2.0,2.0,4,2,level_up
s0193,fast_improver,3,q_0031,2,Greedy,2,False,0.42857142857142855,2.0,2.0,4,2,reinforce
s0193,fast_improver,4,q_0033,2,Tree,1,True,0.5,2.25,2.75,3,5,reinforce
s0193,fast_improver,5,q_0025,2,Math,4,False,0.3333333333333333,2.25,2.75,3,5,reinforce
s0193,fast_improver,6,q_0035,2,Stack,1,False,0.3076923076923077,2.25,2.75,3,5,reinforce
s0193,fast_improver,7,q_0022,2,Array,1,True,0.35714285714285715,2.6,3.0,4,4,level_up
s0193,fast_improver,8,q_0043,3,Recursion,1,True,0.4,3.0,3.3333333333333335,5,5,level_up
s0193,fast_improver,9,q_0048,3,Stack,1,True,0.4375,3.2857142857142856,3.5714285714285716,5,5,level_up
s0193,fast_improver,10,q_0050,3,Graph,1,True,0.47058823529411764,3.375,3.375,4,2,level_up
s0193,fast_improver,11,q_0047,3,Math,1,True,0.5,3.4444444444444446,3.5555555555555554,4,5,level_up
s0193,fast_improver,12,q_0049,3,Geometry,1,True,0.5263157894736842,3.4,3.6,3,4,reinforce
s0194,inconsistent,0,q_0008,1,Math,3,True,0.3333333333333333,5.0,2.0,5,2,reinforce
s0194,inconsistent,1,q_0020,1,Math,1,True,0.5,4.0,3.5,3,5,reinforce
s0194,inconsistent,2,q_0011,1,Array,1,True,0.6,4.333333333333333,4.0,5,5,level_up
s0194,inconsistent,3,q_0031,2,Greedy,2,False,0.42857142857142855,4.333333333333333,4.0,5,5,reinforce
s0194,inconsistent,4,q_0028,2,Array,1,True,0.5,4.0,4.25,3,5,reinforce
s0194,inconsistent,5,q_0027,2,Array,1,True,0.5555555555555556,4.2,4.4,5,5,level_up
s0194,inconsistent,6,q_0046,3,Queue,1,True,0.6,4.333333333333333,4.5,5,5,level_up
s0194,inconsistent,7,q_0048,3,Stack,1,True,0.6363636363636364,4.428571428571429,4.285714285714286,5,3,level_up
s0194,inconsistent,8,q_0050,3,Graph,1,True,0.6666666666666666,4.375,4.375,4,5,level_up
s0194,inconsistent,9,q_0041,3,Memoization,2,False,0.5714285714285714,4.375,4.375,4,5,reinforce
s0194,inconsistent,10,q_0045,3,Array,2,True,0.5625,4.333333333333333,4.444444444444445,4,5,level_up
s0194,inconsistent,11,q_0044,3,Bit Manipulation,1,True,0.5882352941176471,4.4,4.5,5,5,level_up
s0194,inconsistent,12,q_0043,3,Recursion,1,True,0.6111111111111112,4.090909090909091,4.363636363636363,1,3,reinforce
s0194,inconsistent,13,q_0047,3,Math,2,True,0.6,3.8333333333333335,4.333333333333333,1,4,reinforce
s0194,inconsistent,14,q_0042,3,Dynamic Programming,1,True,0.6190476190476191,3.769230769230769,4.3076923076923075,3,4,reinforce
s0195,struggler,0,q_0013,1,Two Pointers,4,False,0.0,3.0,3.0,3,3,reinforce
s0195,struggler,1,q_0004,1,String,1,True,0.2,1.0,2.0,1,2,reinforce
s0195,struggler,2,q_0015,1,String,3,True,0.25,1.0,2.5,1,3,reinforce
s0195,struggler,3,q_0010,1,Greedy,2,False,0.2,1.0,2.5,1,3,reinforce
s0195,struggler,4,q_0007,1,Array,2,True,0.25,1.0,2.3333333333333335,1,2,reinforce
s0195,struggler,5,q_0016,1,Array,2,True,0.2857142857142857,2.0,2.25,5,2,level_up
s0195,struggler,6,q_0034,2,Two Pointers,1,False,0.26666666666666666,2.0,2.25,5,2,reinforce
s0195,struggler,7,q_0027,2,Array,3,False,0.2222222222222222,2.0,2.25,5,2,reinforce
s0195,struggler,8,q_0031,2,Greedy,1,False,0.21052631578947367,2.0,2.25,5,2,reinforce
s0196,average,0,q_0018,1,Array,1,True,1.0,4.0,4.0,4,4,level_up
s0196,average,1,q_0031,2,Greedy,2,True,0.6666666666666666,2.5,4.5,1,5,reinforce
s0196,average,2,q_0023,2,Array,1,True,0.75,3.3333333333333335,4.333333333333333,5,4,level_up
s0196,average,3,q_0041,3,Memoization,1,True,0.8,3.75,4.0,5,3,level_up
s0196,average,4,q_0046,3,Queue,1,True,0.8333333333333334,3.2,4.2,1,5,reinforce
s0196,average,5,q_0043,3,Recursion,1,True,0.8571428571428571,3.5,4.166666666666667,5,4,level_up
s0196,average,6,q_0044,3,Bit Manipulation,3,True,0.7,3.7142857142857144,4.285714285714286,5,5,reinforce
s0196,average,7,q_0048,3,Stack,1,True,0.7272727272727273,3.75,4.375,4,5,level_up
s0196,average,8,q_0049,3,Geometry,3,True,0.6428571428571429,3.888888888888889,4.333333333333333,5,4,reinforce
s0196,average,9,q_0045,3,Array,1,True,0.6666666666666666,3.8,4.2,3,3,reinforce
s0196,average,10,q_0050,3,Graph,2,True,0.6470588235294118,3.909090909090909,4.181818181818182,5,4,level_up
s0197,advanced,0,q_0020,1,Math,1,True,1.0,5.0,5.0,5,5,level_up
s0197,advanced,1,q_0038,2,Union Find,1,True,1.0,5.0,4.5,5,4,level_up
s0197,advanced,2,q_0042,3,Dynamic Programming,1,True,1.0,5.0,4.333333333333333,5,4,level_up
s0197,advanced,3,q_0045,3,Array,1,True,1.0,5.0,4.25,5,4,level_up
s0197,advanced,4,q_0043,3,Recursion,1,True,1.0,5.0,4.2,5,4,level_up
s0197,advanced,5,q_0046,3,Queue,1,True,1.0,4.666666666666667,4.166666666666667,3,4,level_up
s0197,advanced,6,q_0041,3,Memoization,1,False,0.8571428571428571,4.666666666666667,4.166666666666667,3,4,reinforce
s0197,advanced,7,q_0044,3,Bit Manipulation,3,True,0.7,4.571428571428571,4.142857142857143,4,4,reinforce
s0197,advanced,8,q_0049,3,Geometry,2,True,0.6666666666666666,4.625,4.25,5,5,level_up
s0197,advanced,9,q_0048,3,Stack,1,False,0.6153846153846154,4.625,4.25,5,5,reinforce
s0197,advanced,10,q_0047,3,Math,1,False,0.5714285714285714,4.625,4.25,5,5,reinforce
s0197,advanced,11,q_0050,3,Graph,1,True,0.6,4.666666666666667,4.333333333333333,5,5,level_up
s0198,fast_improver,0,q_0005,1,Stack,1,True,1.0,1.0,2.0,1,2,reinforce
s0198,fast_improver,1,q_0006,1,Array,1,True,1.0,1.0,2.0,1,2,reinforce
s0198,fast_improver,2,q_0007,1,Array,1,False,0.6666666666666666,1.0,2.0,1,2,reinforce
s0198,fast_improver,3,q_0009,1,Array,2,True,0.6,2.3333333333333335,2.3333333333333335,5,3,level_up
s0198,fast_improver,4,q_0027,2,Array,1,True,0.6666666666666666,2.75,2.75,4,4,level_up
s0198,fast_improver,5,q_0046,3,Queue,3,True,0.5555555555555556,2.4,3.0,1,4,reinforce
s0198,fast_improver,6,q_0041,3,Memoization,1,False,0.5,2.4,3.0,1,4,reinforce
s0198,fast_improver,7,q_0048,3,Stack,2,True,0.5,2.8333333333333335,3.3333333333333335,5,5,level_up
s0198,fast_improver,8,q_0045,3,Array,2,True,0.5,3.142857142857143,3.5714285714285716,5,5,level_up
s0198,fast_improver,9,q_0049,3,Geometry,4,True,0.4444444444444444,3.375,3.625,5,4,reinforce
s0198,fast_improver,10,q_0050,3,Graph,1,True,0.47368421052631576,3.111111111111111,3.6666666666666665,1,4,reinforce
s0198,fast_improver,11,q_0047,3,Math,1,False,0.45,3.111111111111111,3.6666666666666665,1,4,reinforce
s0198,fast_improver,12,q_0042,3,Dynamic Programming,1,True,0.47619047619047616,3.3,3.6,5,3,level_up
s0198,fast_improver,13,q_0043,3,Recursion,1,True,0.5,3.272727272727273,3.4545454545454546,3,2,reinforce
s0199,inconsistent,0,q_0011,1,Array,1,True,1.0,3.0,3.0,3,3,level_up
s0199,inconsistent,1,q_0037,2,Array,1,True,1.0,3.5,4.0,4,5,level_up
s0199,inconsistent,2,q_0042,3,Dynamic Programming,2,False,0.5,3.5,4.0,4,5,reinforce
s0199,inconsistent,3,q_0044,3,Bit Manipulation,3,False,0.2857142857142857,3.5,4.0,4,5,reinforce
s0199,inconsistent,4,q_0047,3,Math,3,True,0.3,2.6666666666666665,4.333333333333333,1,5,reinforce
s0199,inconsistent,5,q_0041,3,Memoization,1,True,0.36363636363636365,2.75,4.0,3,3,reinforce
s0199,inconsistent,6,q_0045,3,Array,2,True,0.38461538461538464,3.2,4.0,5,4,level_up
s0199,inconsistent,7,q_0046,3,Queue,1,False,0.35714285714285715,3.2,4.0,5,4,reinforce
s0199,inconsistent,8,q_0049,3,Geometry,2,True,0.375,3.5,4.0,5,4,level_up
s0199,inconsistent,9,q_0050,3,Graph,3,True,0.3684210526315789,3.142857142857143,3.857142857142857,1,3,reinforce
s0199,inconsistent,10,q_0043,3,Recursion,3,True,0.36363636363636365,3.25,3.75,4,3,reinforce
s0199,inconsistent,11,q_0048,3,Stack,2,True,0.375,3.2222222222222223,3.888888888888889,3,5,reinforce
